timestamp_s,Speed
0.0,0.055883140535445
0.2,0.017040247391868883
0.4,0.0359331245791239
0.6000000000000001,0.012985486531985634
0.8,0.006052140678802567
1.0,0.0260552540568127
1.2000000000000002,0.05494723045466193
1.4000000000000001,0.029955225998311883
1.6,0.013009494490706033
1.8,0.016095308061659916
2.0,0.05193739475816051
2.2,0.022031790744466567
2.4000000000000004,0.04295271005831952
2.6,0.0210113617629749
2.8000000000000003,0.0270158223123577
3.0,0.03298124532480696
3.2,0.024005030303029615
3.4000000000000004,0.0020122962963052
3.6,0.012993851851851534
3.8000000000000003,0.021994969696969433
4.0,0.05190587871804824
4.2,0.015019185879568684
4.4,0.04098656228956383
4.6000000000000005,0.0210111784511789
4.800000000000001,0.05997656652360455
5.0,0.08084236075036187
5.2,0.01703577104376645
5.4,0.023992282909640148
5.6000000000000005,0.021002060759493613
5.800000000000001,0.04698545699604012
6.0,0.05696801665284397
6.2,0.046006155920774554
6.4,0.021013973063971236
6.6000000000000005,0.03698904533602495
6.800000000000001,0.0479933855482565
7.0,0.018009668994076574
7.2,0.01300279743848965
7.4,0.024993292929293736
7.6000000000000005,0.05098219867104062
7.800000000000001,0.07698218518518533
8.0,0.0041031227104969285
8.200000000000001,0.03597672727272474
8.4,0.030003356926187566
8.6,0.03699140845070451
8.8,0.06797868929989044
9.0,0.03307583314212369
9.200000000000001,0.06297818181818234
9.4,0.006041454545453483
9.600000000000001,0.0449749065184435
9.8,0.05999035353535345
10.0,0.06199853864168607
10.200000000000001,0.062
10.4,0.0510084608263903
10.600000000000001,0.04600342765706578
10.8,0.04899794444444442
11.0,0.02200184465912693
11.200000000000001,0.014006159548481516
11.4,0.03998546067036412
11.600000000000001,0.027011628415299735
11.8,0.03498849567916774
12.0,0.009146408970808758
12.200000000000001,0.06595134848485128
12.4,0.028032434343432434
12.600000000000001,0.02400341414141392
12.8,0.0639725648803508
13.0,0.038969732519872284
13.200000000000001,0.01303629834717685
13.4,0.042974309602231
13.600000000000001,0.027013656565655752
13.8,0.04398549356223255
14.0,0.03500474747474857
14.200000000000001,0.03400085353535355
14.4,0.040994025252525566
14.600000000000001,0.0365143225806452
14.8,0.03202034266446837
15.0,0.038938764606853186
15.200000000000001,0.013137611785252443
15.4,0.047968292672775616
15.600000000000001,0.03698040594708573
15.8,0.02794288967605575
16.0,0.007992983338412134
16.2,0.005243239532776057
16.400000000000002,0.05493132659932789
16.6,0.025988476430975318
16.8,0.020959432659933202
17.0,0.007040127946127467
17.2,0.02399987734487763
17.400000000000002,0.03494034159779614
17.6,0.02993330951743913
17.8,0.019088845117845015
18.0,0.05199550652414704
18.2,0.05099530610513151
18.400000000000002,0.04897815823217031
18.6,0.040949757262547015
18.8,0.018005987829554482
19.0,0.019996203481400143
19.200000000000003,0.019056517637008285
19.400000000000002,0.039997638002488935
19.6,0.03900656231803863
19.8,0.041997294619169796
20.0,0.0380529783549789
20.200000000000003,0.05197800146731793
20.400000000000002,0.0440470906170359
20.6,0.06389608213512903
20.8,0.026019624863316684
21.0,0.0468571643872922
21.200000000000003,0.01701117078964272
21.400000000000002,0.020997766565758733
21.6,0.016986375536948584
21.8,0.012003998675454366
22.0,0.03597913580069726
22.200000000000003,0.03196738782031105
22.400000000000002,0.017016524144867515
22.6,0.04693856126511873
22.8,0.019005408539088216
23.0,0.04389810141864129
23.200000000000003,0.005021797979798883
23.400000000000002,0.023027298992858686
23.6,0.06397710152241855
23.8,0.07399441077441145
24.0,0.0769728455988461
24.200000000000003,0.06300782491582523
24.400000000000002,0.04600950168350205
24.6,0.028010060606059286
24.8,0.026001117845117664
25.0,0.006054603174605958
25.200000000000003,0.030986026936026298
25.400000000000002,0.036995389659520934
25.6,0.015023360215059832
25.8,0.020995627530364467
26.0,0.002018118260197057
26.200000000000003,0.00699741517218135
26.400000000000002,0.021990360837749065
26.6,0.026997203975071882
26.8,0.04898401614530812
27.0,0.009097942293693258
27.200000000000003,0.040982091866834436
27.400000000000002,0.0190141374379679
27.6,0.04498327946128183
27.8,0.05699127713276142
28.0,0.027150660121168985
28.200000000000003,0.08596698187947599
28.400000000000002,0.039032179325426485
28.6,0.029006430976430016
28.8,0.0699479463312393
29.0,0.03811051724364793
29.200000000000003,0.07796922558922667
29.400000000000002,0.0370281067879397
29.6,0.006027729298025417
29.8,0.038970444444446396
30.0,0.04298504707999279
30.200000000000003,0.03600918533434227
30.400000000000002,0.07597248838191828
30.6,0.050022163934424914
30.8,0.034013656565655755
31.0,0.02900005354640269
31.200000000000003,0.027001455648218264
31.400000000000002,0.05597526621245561
31.6,0.017033287878789636
31.8,0.016000853535353448
32.0,0.022056041991647585
32.2,0.05696855791962383
32.4,0.03102219191919803
32.6,0.06297268686868535
32.800000000000004,0.018038409090906832
33.0,0.014091450216450458
33.2,0.05296671212121402
33.4,0.019047467069385118
33.6,0.07694302784810038
33.800000000000004,0.12096241597169788
34.0,0.04702690730946746
34.2,0.035010744761423136
34.4,0.045966376518218
34.6,0.0568913083812976
34.800000000000004,0.019018474666720315
35.0,0.02710132659932905
35.2,0.0627950595620374
35.4,0.015976797313331115
35.6,0.00502293253489035
35.800000000000004,0.01299362174611525
36.0,0.010123951210378767
36.2,0.05390074541122547
36.4,0.029069149068253402
36.6,0.0550551856600294
36.800000000000004,0.07890315176990825
37.0,0.03304545124313497
37.2,0.052094587469741334
37.4,0.058344551492223555
37.6,0.06490360634600097
37.800000000000004,0.018036157326549934
38.0,0.03500952404225089
38.2,0.03695497602889503
38.400000000000006,0.020008547101920317
38.6,0.02406617003366765
38.800000000000004,0.04899348653198715
39.0,0.04596280078701207
39.2,0.03801366982995242
39.400000000000006,0.04398936497193733
39.6,0.04000206577508632
39.800000000000004,0.027983297249267066
40.0,0.019940497654916383
40.2,0.0070070351649411
40.400000000000006,0.010092589801608983
40.6,0.04498045251913446
40.800000000000004,0.007021239057236316
41.0,0.06094771001852816
41.2,0.04700781899234483
41.400000000000006,0.04989942127555763
41.6,0.012021222979225366
41.800000000000004,0.0769636700336684
42.0,0.0231095240063952
42.2,0.05302922895623092
42.400000000000006,0.09684264849755099
42.6,0.022079496855345368
42.800000000000004,0.027996636271529683
43.0,0.0549672554112565
43.2,0.04400614814814733
43.400000000000006,0.0160156498316585
43.6,0.038987144781144185
43.800000000000004,0.0529921750841747
44.0,0.026987881415225186
44.2,0.016006148148147332
44.400000000000006,0.03598966068872732
44.6,0.03200206734006745
44.800000000000004,0.07497777609427457
45.0,0.0070526627238307145
45.2,0.0159942150429041
45.400000000000006,0.027993289540172616
45.6,0.017008452290878166
45.800000000000004,0.052960262096774784
46.0,0.03695040829361734
46.2,0.01201606527042285
46.400000000000006,0.0129994406536939
46.6,0.02898770575872257
46.800000000000004,0.031997691919191946
47.0,0.03599456637848204
47.2,0.03400245472837008
47.400000000000006,0.0379972502322439
47.6,0.022012303550394918
47.800000000000004,0.04797999663299734
48.0,0.02003682463291137
48.2,0.03299109933551531
48.400000000000006,0.046990407407407474
48.6,0.01202691401648895
48.800000000000004,0.025989228956229318
49.0,0.010031878485839972
49.2,0.0179944990707867
49.400000000000006,0.024995203703703717
49.6,0.01301023208879855
49.800000000000004,0.03698253222138023
50.0,0.01498192848121767
50.2,0.0010095950155748334
50.400000000000006,0.0209754341807208
50.6,0.01600427739812677
50.800000000000004,0.014001790793571065
51.0,0.02602880377708063
51.2,0.0419863537723954
51.400000000000006,0.04999484871470555
51.6,0.03501278688524512
51.800000000000004,0.04499104377104433
52.0,0.011010413858789743
52.2,0.0050051173353516665
52.400000000000006,0.015992455342095382
52.6,0.028988915237134816
52.800000000000004,0.0280008953967857
53.0,0.024006816738816716
53.2,0.02599820875420865
53.400000000000006,0.03998746127946209
53.6,0.04099860355824077
53.800000000000004,0.05099101654846391
54.0,0.020034155934515355
54.2,0.0259809032258046
54.400000000000006,0.032016827078812315
54.6,0.0379915348936573
54.800000000000004,0.03391835526142239
55.0,0.00507180863065225
55.2,0.035990615848373486
55.400000000000006,0.03392960439412495
55.6,0.0090138265993327
55.800000000000004,0.015008398989898983
56.0,0.017981483164983166
56.2,0.010054359307359201
56.400000000000006,0.02099536868686885
56.6,0.01900282978163305
56.800000000000004,0.020016483797068066
57.0,0.03711598993763529
57.2,0.017796205852672355
57.400000000000006,0.030831984126983243
57.6,0.0010739145138713834
57.800000000000004,0.03595688029848323
58.0,0.02103720765573257
58.2,0.030993612794613084
58.400000000000006,0.027992193896806683
58.6,0.0170145050271285
58.800000000000004,0.02401037849842738
59.0,0.027918659628076357
59.2,0.008103445915650884
59.400000000000006,0.046997196969698264
59.6,0.03200533838383809
59.800000000000004,0.03397684868571058
60.0,0.0229758960807602
60.2,0.017055619467458583
60.400000000000006,0.037988271511482666
60.6,0.0160122931919533
60.800000000000004,0.024955836372724197
61.0,0.004072375682633757
61.2,0.030991200106892783
61.400000000000006,0.026997137605452953
61.6,0.01300781701984425
61.800000000000004,0.012042028625911383
62.0,0.031928132756131114
62.2,0.008000202020206083
62.400000000000006,0.0080128084784258
62.6,0.025990704012113102
62.800000000000004,0.016010187982544468
63.0,0.024041376760018284
63.2,0.03999173689965454
63.400000000000006,0.0300051683501677
63.6,0.03499720609273787
63.800000000000004,0.0190089427609416
64.0,0.018068223494153914
64.2,0.05495920966524096
64.4,0.016021869774513184
64.60000000000001,0.0110027946127942
64.8,0.026991057239058317
65.0,0.0220142828282833
65.2,0.027996646464646266
65.4,0.015007811158798434
65.60000000000001,0.02699329292929373
65.8,0.03699441077441145
66.0,0.02701052026444336
66.2,0.027
66.4,0.009013077699293284
66.60000000000001,0.005002909090908984
66.8,0.03298433434445761
67.0,0.0021196528844188286
67.2,0.04596985185185213
67.4,0.029022296016771882
67.60000000000001,0.03199781099569295
67.8,0.029001678463093785
68.0,0.011054358232975615
68.2,0.02998777497052375
68.4,0.04398806557376978
68.60000000000001,0.059988354814250404
68.8,0.001042909090908
69.0,0.010062679761566
69.2,0.0469746481481484
69.4,0.0240205733501479
69.60000000000001,0.02799708870356295
69.8,0.030997818181818182
70.0,0.0120823389719012
70.2,0.04997396296296322
70.4,0.01702951828499485
70.60000000000001,0.01600139609027588
70.8,0.023994158215010233
71.0,0.013024265707250312
71.2,0.0219938270980789
71.4,0.026995527532576516
71.60000000000001,0.01700895622895655
71.8,0.03298835187057658
72.0,0.010066801101725658
72.2,0.0319849106841929
72.4,0.015015206389239734
72.60000000000001,0.005008535353535783
72.8,0.024982929292930233
73.0,0.028983454545454597
73.2,0.023005121212120883
73.4,0.013008535353539583
73.60000000000001,0.0289470579306811
73.8,0.04499305700056499
74.0,0.0420046060606056
74.2,0.038898975083108744
74.4,0.013005520285875283
74.60000000000001,0.015024946110923998
74.8,0.0259999074074076
75.0,0.02600630940343768
75.2,0.028975656543771117
75.4,0.02398877609427605
75.60000000000001,0.01998616848447435
75.8,0.013994416072833435
76.0,0.012030027768230851
76.2,0.025079634695949975
76.4,0.041928292198541134
76.60000000000001,0.010992308136452732
76.80000000000001,0.008009102719136017
77.0,0.01655775615062671
77.2,0.031023502849754248
77.4,0.018013392160117533
77.60000000000001,0.02304151145319705
77.80000000000001,0.040955545645611165
78.0,0.024018857544885103
78.2,0.028999750883397415
78.4,0.027945281142655515
78.60000000000001,0.007033826919343966
78.80000000000001,0.0230505109959995
79.0,0.04091745756250783
79.2,0.0190023215488211
79.4,0.02199354545454533
79.60000000000001,0.019013279381275467
79.80000000000001,0.023990889588704833
80.0,0.0200151419922154
80.2,0.023997766565756817
80.4,0.05298379124579052
80.60000000000001,0.031960484749288184
80.80000000000001,0.01700837749179805
81.0,0.007084383893083942
81.2,0.025002156500661284
81.4,0.03899276978719771
81.60000000000001,0.02197630987279875
81.80000000000001,0.012999041448796734
82.0,0.00806720409876927
82.2,0.035996661145116814
82.4,0.02100837537840597
82.60000000000001,0.019001117845117866
82.80000000000001,0.04697343559209342
83.0,0.010084583984101813
83.2,0.0389837912457933
83.4,0.03400279461279565
83.60000000000001,0.0030173265993273164
83.80000000000001,0.015992734006733667
84.0,0.010045212125590742
84.2,0.0329756025511918
84.4,0.014010651806822434
84.60000000000001,0.012001117845117865
84.80000000000001,0.03198882154882102
85.0,0.024979473304472342
85.2,0.012007265993265001
85.4,0.025992175084169348
85.60000000000001,0.027998882154882068
85.80000000000001,0.007011737373737816
86.0,0.016034741145930686
86.2,0.039982496834642084
86.4,0.010021818181817617
86.60000000000001,0.01
86.80000000000001,0.05796915468079716
87.0,0.024023351207318185
87.2,0.025998546188793534
87.4,0.026
87.60000000000001,0.03199663200608655
87.80000000000001,0.018007824915825216
88.0,0.022971732621870255
88.2,0.012009839428330532
88.4,0.03498229129812207
88.60000000000001,0.02500769360269328
88.80000000000001,0.017005484251305252
89.0,0.0180012473228047
89.2,0.018999147540983616
89.4,0.0110058225928732
89.60000000000001,0.035980770849112866
89.80000000000001,0.02800548425130525
90.0,0.02696388555731664
90.2,0.007017053481330967
90.4,0.02998036868686978
90.60000000000001,0.0369908100394498
90.80000000000001,0.046991440871107064
91.0,0.019036641940101885
91.2,0.029990622950820167
91.4,0.0409906111111116
91.60000000000001,0.03200655041698238
91.80000000000001,0.028003411556903016
92.0,0.03296456421356383
92.2,0.019011949494948766
92.4,0.06895732323232569
92.60000000000001,0.04402447640676527
92.80000000000001,0.03600683345969125
93.0,0.0309589817604777
93.2,0.011017070707069684
93.4,0.017994025252525567
93.60000000000001,0.0209896925996206
93.80000000000001,0.024002328234910785
94.0,0.0249987171717169
94.2,0.025897323232321988
94.4,0.0011326346801356
94.60000000000001,0.0459493765715043
94.80000000000001,0.0249759338140456
95.0,0.01614128797456155
95.2,0.07570913827567884
95.4,0.018120548698294218
95.60000000000001,0.059951155041833994
95.80000000000001,0.03898650115957628
96.0,0.034153021928076815
96.2,0.09856932961938118
96.4,0.013041493325763216
96.60000000000001,0.0319534759230033
96.80000000000001,0.014177142258285664
97.0,0.035394267440880735
97.2,0.033170012937771574
97.4,0.0040544858274611005
97.60000000000001,0.022988914302799465
97.80000000000001,0.017991845117844983
98.0,0.014982751803753644
98.2,0.00706562289562085
98.4,0.036988986531987116
98.60000000000001,0.03300877441077443
98.80000000000001,0.03703547756450298
99.0,0.04994148198616142
99.2,0.021954501683501017
99.4,0.005122021031916849
99.60000000000001,0.06093830985915586
99.80000000000001,0.003998298213425584
100.0,0.0030473041106411146
100.2,0.0279860269360263
100.4,0.030002166132374348
100.60000000000001,0.03099939959636735
100.80000000000001,0.04891901689177517
101.0,0.0120749217308845
101.2,0.03698603751366746
101.4,0.03701070737656632
101.60000000000001,0.04199720750273394
101.80000000000001,0.009033047561295717
102.0,0.024060336631169698
102.2,0.043988830010933955
102.4,0.011018444444442034
102.60000000000001,0.067965751072966
102.80000000000001,0.025045612621684782
103.0,0.03203584675036637
103.2,0.04899121158541655
103.4,0.013018606060603835
103.60000000000001,0.039984912900784514
103.80000000000001,0.012015649831661182
104.0,0.05289311181063673
104.2,0.00804960986659875
104.4,0.05597308335444982
104.60000000000001,0.0360136933299706
104.80000000000001,0.03400103445371056
105.0,0.027020586416133315
105.2,0.035995342604298035
105.4,0.031002794612794687
105.60000000000001,0.028002053999494986
105.80000000000001,0.02100450168350165
106.0,0.0130502516498872
106.2,0.03598225092874092
106.4,0.025006155920775614
106.60000000000001,0.019004107998992867
106.80000000000001,0.010006166666666566
107.0,0.008984738341688472
107.2,0.00200538416224835
107.4,0.020979027217742235
107.60000000000001,0.03798832236287093
107.80000000000001,0.047993569023568945
108.0,0.023038453492984803
108.2,0.03299272910881107
108.4,0.028003636363636217
108.60000000000001,0.026001370716510652
108.80000000000001,0.029997259259259234
109.0,0.03301222161585261
109.2,0.040993842007748235
109.4,0.028010001683501252
109.60000000000001,0.0040204693414068
109.80000000000001,0.05496716055625284
110.0,0.012074639982967114
110.2,0.03597951515151628
110.4,0.005022562547383783
110.60000000000001,0.033959543930250746
110.80000000000001,0.042993806746132436
111.0,0.0200150089943682
111.2,0.01900085353535345
111.4,0.04797767727808735
111.60000000000001,0.015028145344434383
111.80000000000001,0.021993730639731035
112.0,0.024999930735930872
112.2,0.0259991043771044
112.4,0.02799820875420865
112.60000000000001,0.014011949494948767
112.80000000000001,0.029986343434344167
113.0,0.04597013564213619
113.2,0.038006828282827865
113.4,0.0350095483870968
113.60000000000001,0.03195214482906269
113.80000000000001,0.015020940875981499
114.0,0.023990846820471413
114.2,0.019971275613275757
114.4,0.014079478114478383
114.60000000000001,0.04892084343434495
114.80000000000001,0.021007170033669403
115.0,0.0239887087542085
115.2,0.020031440115439454
115.4,0.02798404713804717
115.60000000000001,0.020963490616548185
115.80000000000001,0.007995903020658716
116.0,0.006109749445381633
116.2,0.04494029957177757
116.4,0.029005769235778533
116.60000000000001,0.031455790883727755
116.80000000000001,0.02853710727473127
117.0,0.015096650106628485
117.2,0.04092091897063112
117.4,0.013021012487208583
117.60000000000001,0.022005220634253586
117.80000000000001,0.024007077441076
118.0,0.06674675468975619
118.2,0.013044631536604933
118.4,0.0340552278007794
118.60000000000001,0.05795288914364503
118.80000000000001,0.04000922558922332
119.0,0.09476546316667032
119.2,0.044988067233811
119.4,0.0390007205387204
119.60000000000001,0.040002084664252535
119.80000000000001,0.040998940041928784
120.0,0.020049331399189185
120.2,0.03701371144989806
120.4,0.04299664984863757
120.60000000000001,0.02998120041966418
120.80000000000001,0.021008614743192735
121.0,0.033027995280399916
121.2,0.05106340392553346
121.4,0.07499214216349574
121.60000000000001,0.03801910841954873
121.80000000000001,0.04199925472230475
122.0,0.040951756547864926
122.2,0.015014528317762984
122.4,0.033001826669246566
122.60000000000001,0.04499329800656035
122.80000000000001,0.039003353535353065
123.0,0.007098429064101957
123.2,0.04397925175238837
123.4,0.0190129208754217
123.60000000000001,0.06197596632996525
123.80000000000001,0.052005589225589434
124.0,0.029991808481903585
124.2,0.0220048068669521
124.4,0.011012126856279668
124.60000000000001,0.01499775694620375
124.80000000000001,0.021996087542087334
125.0,0.032989974025974686
125.2,0.031001117845117665
125.4,0.10595808080805742
125.60000000000001,0.00506915131634205
125.80000000000001,0.02198692747770528
126.0,0.0100529805873252
126.2,0.03498601280755143
126.4,0.022008356049133416
126.60000000000001,0.0070102751830344165
126.80000000000001,0.022988366574097682
127.0,0.03498711688311517
127.2,0.032002181818181735
127.4,0.031000559487697903
127.60000000000001,0.0369926358148896
127.80000000000001,0.03400206232581702
128.0,0.04092515240236944
128.20000000000002,0.0020283636363629
128.4,0.006996782886979883
128.6,0.00999807070707065
128.8,0.048966754098358815
129.0,0.0370465067210643
129.20000000000002,0.05398763636363663
129.4,0.019029851122884914
129.6,0.008007544657903484
129.8,0.025987666666666753
130.0,0.013025615431462485
130.20000000000002,0.0199946103950806
130.4,0.03798615151515198
130.6,0.0140164527539159
130.8,0.08290376665828479
131.0,0.04597934751773113
131.20000000000002,0.02401877777777665
131.4,0.03598975757575811
131.6,0.0240102424242418
131.8,0.020003414141415432
132.0,0.017048864108706988
132.20000000000002,0.04296370165282556
132.4,0.018021408664807417
132.6,0.014003414141413916
132.8,0.020994025252525566
133.0,0.02302007542369216
133.20000000000002,0.03498975757575812
133.4,0.0494538494623653
133.6,0.06389548714213578
133.8,0.018051084175082634
134.0,0.035979424242424465
134.20000000000002,0.027136192175661288
134.4,0.06192202195989888
134.6,0.0339798320575407
134.8,0.024970909225166867
135.0,0.014034764426821666
135.20000000000002,0.028926403838944886
135.4,0.014061337128832485
135.6,0.040968257805095484
135.8,0.02605572333407277
136.0,0.046970371949509586
136.20000000000002,0.03305400589970487
136.4,0.05949715183359496
136.6,0.0245004175084146
136.8,0.032044376437301986
137.0,0.0380714408010163
137.20000000000002,0.05402253605686089
137.4,0.06383850115672159
137.6,0.00303406846664545
137.8,0.04192409579371293
138.0,0.0132602345196577
138.20000000000002,0.08306412412300974
138.4,0.105839195944173
138.6,0.031038733282861917
138.8,0.07189280622291631
139.0,0.030933516594524275
139.20000000000002,0.013017954545454633
139.4,0.038041777954921085
139.6,0.057988830010935875
139.8,0.00702850505050625
140.0,0.036844139393034145
140.20000000000002,0.00401704264445925
140.4,0.042968180173811564
140.6,0.028008377491798048
140.8,0.04399038626609417
141.0,0.04095759160324135
141.20000000000002,0.021998845499922082
141.4,0.014008812877263382
141.6,0.029991027784816587
141.8,0.06298155555555156
142.0,0.0509111346717474
142.20000000000002,0.00999952108813375
142.4,0.005002792497265983
142.6,0.025987381974250618
142.8,0.05998099663299578
143.0,0.03301844171574113
143.20000000000002,0.03599794600050465
143.4,0.010014543003957316
143.6,0.04797239152371407
143.8,0.05399664307381002
144.0,0.0459873001443007
144.20000000000002,0.037005030303030484
144.4,0.029004471380470798
144.6,0.0339934472934476
144.8,0.03200112266463815
145.0,0.0120986763074558
145.20000000000002,0.059967144298688484
145.4,0.03501608150206049
145.6,0.015014538112064234
145.8,0.013001454545454483
146.0,0.07086388944479038
146.20000000000002,0.02403217932542648
146.4,0.01600548148148065
146.6,0.040980775702507834
146.8,0.014019636363635834
147.0,0.025013256911860543
147.20000000000002,0.03399383021728148
147.4,0.06298012962962983
147.6,0.03902146784363028
147.8,0.03200889840470148
148.0,0.09684119597230148
148.20000000000002,0.045029093360297805
148.4,0.019017801328959315
148.6,0.024994633039092384
148.8,0.012009464105156466
149.0,0.04294121570984468
149.20000000000002,0.02103069081153595
149.4,0.02999380674613243
149.6,0.0080196788566611
149.8,0.050963297979800086
150.0,0.03607238804157532
150.20000000000002,0.07097454545454603
150.4,0.032026728971962286
150.6,0.025005968718465818
150.8,0.008014510101009217
151.0,0.04399488262009649
151.20000000000002,0.0649837820025354
151.4,0.10396672892478365
151.6,0.0150796903138884
151.8,0.015999146464646466
152.0,0.02897006060606103
152.20000000000002,0.020007681818181335
152.4,0.042967889923651185
152.6,0.03800449286377855
152.8,0.027009388888888316
153.0,0.03797069133459857
153.20000000000002,0.0285302365591399
153.4,0.019157258569247066
153.60000000000002,0.08689365993265928
153.8,0.049963337619652715
154.0,0.03395507067307077
154.20000000000002,0.018093639249637413
154.4,0.0400202390572396
154.60000000000002,0.04900273718904058
154.8,0.04997895493065413
155.0,0.040028249264665604
155.20000000000002,0.05001917483245342
155.4,0.055015614097011105
155.60000000000002,0.06096301290314705
155.8,0.044998031375818835
156.0,0.04392942088393439
156.20000000000002,0.02103830923477153
156.4,0.028720020315201898
156.60000000000002,0.044009634936652296
156.8,0.03298960217272135
157.0,0.028047549445805446
157.20000000000002,0.037941656650595984
157.4,0.015980902175843217
157.60000000000002,0.0071060016643761
157.8,0.046921847323932564
158.0,0.010241912028416043
158.20000000000002,0.05889453745323903
158.4,0.0091222356902351
158.60000000000002,0.054968097643099186
158.8,0.039985419191919135
159.0,0.032911740259740176
159.20000000000002,0.0140358771043776
159.4,0.03101837523400883
159.60000000000002,0.03799609149007715
159.8,0.009079688737258599
160.0,0.038925584415585246
160.20000000000002,0.0191073198653222
160.4,0.06996114527179437
160.60000000000002,0.016030158970478183
160.8,0.018998323232323398
161.0,0.05593213445687262
161.20000000000002,0.023019813319879318
161.4,0.027997205387205234
161.60000000000002,0.0559702987579726
161.8,0.048004484971292886
162.0,0.04194915101725199
162.20000000000002,0.018013400605458765
162.4,0.03698938047137997
162.60000000000002,0.037999441077441
162.8,0.07298043771044016
163.0,0.048958700619090655
163.20000000000002,0.025013424311345216
163.4,0.1119550353535323
163.60000000000002,0.06402480808080974
163.8,0.0839896632996645
164.0,0.023058977262063757
164.20000000000002,0.033993385548257544
164.4,0.02400726538849625
164.60000000000002,0.012006713852376366
164.8,0.03397574628744055
165.0,0.01907475460507494
165.20000000000002,0.046980829338043754
165.4,0.02801461046609398
165.60000000000002,0.028
165.8,0.016006715549937035
166.0,0.012057275334219544
166.20000000000002,0.04196315127108122
166.4,0.06298821799746461
166.60000000000002,0.028025428859736967
166.8,0.08095923420009395
167.0,0.059055257956395324
167.20000000000002,0.08198425267053594
167.4,0.0300356296296292
167.60000000000002,0.07496728098964985
167.8,0.015046149962129033
168.0,0.005040662852186501
168.20000000000002,0.02098900928269895
168.4,0.07695226229508469
168.60000000000002,0.03303755555557437
168.8,0.06897379833207036
169.0,0.08086168290641829
169.20000000000002,0.024036702907733732
169.4,0.023001186341135918
169.60000000000002,0.004016249999999034
169.8,0.011993842007748232
170.0,0.0369811705337466
170.20000000000002,0.03600068553141342
170.4,0.07997170370370352
170.60000000000002,0.023048590163931598
170.8,0.028994626262626
171.0,0.044019099567098485
171.20000000000002,0.0609854898989907
171.4,0.06499658585858603
171.60000000000002,0.036024752525251016
171.8,0.019014510101014084
172.0,0.015029932574199786
172.20000000000002,0.029986569048221032
172.4,0.04798387878787983
172.60000000000002,0.040011171534071834
172.8,0.032006850772738335
173.0,0.0180463243106499
173.20000000000002,0.0040623464992171005
173.4,0.020070277777779682
173.60000000000002,0.044928134680135116
173.8,0.014135452861950767
174.0,0.06195193939394009
174.20000000000002,0.04097118181818119
174.4,0.03494009590227492
174.60000000000002,0.014056961175708033
174.8,0.04094907552777628
175.0,0.023061362413234154
175.20000000000002,0.0499625845333705
175.4,0.0419728625645637
175.60000000000002,0.02995238604467455
175.8,0.012134043924244416
176.0,0.07106751547598579
176.20000000000002,0.07709541481524057
176.4,0.021656216237314042
176.60000000000002,0.015018958248732983
176.8,0.02405702376833897
177.0,0.04392194679091637
177.20000000000002,0.023006479797979165
177.4,0.026084715488215917
177.60000000000002,0.05795766795014475
177.8,0.037966404645517
178.0,0.02602630209484183
178.20000000000002,0.03306243919981177
178.4,0.05698659601312303
178.60000000000002,0.04095843781254472
178.8,0.025025353169652532
179.0,0.036969664182478
179.20000000000002,0.028979234620568065
179.4,0.02100446799562562
179.60000000000002,0.023965557493624348
179.8,0.0110397742985266
180.0,0.045892845535051616
180.20000000000002,0.023002626103323886
180.4,0.024998967112456985
180.60000000000002,0.003011370370368983
180.8,0.030000102328975885
181.0,0.03198115889425446
181.20000000000002,0.024002375406933465
181.4,0.037992181007655085
181.60000000000002,0.031003912457911915
181.8,0.024999338961205986
182.0,0.024044288292285786
182.20000000000002,0.042995080925144785
182.4,0.02001284548742367
182.60000000000002,0.03199329292929373
182.8,0.015010214592274883
183.0,0.03802743077533671
183.20000000000002,0.0589768487289205
183.4,0.02302018748416257
183.60000000000002,0.03399385185185259
183.8,0.03799776430976342
184.0,0.0310217229437226
184.20000000000002,0.04099441077441048
184.4,0.011023051702395066
184.60000000000002,0.00900111925832265
184.8,0.025989785407723436
185.0,0.020007976346394757
185.20000000000002,0.020999270701443418
185.4,0.01100727272727345
185.60000000000002,0.012998881024604085
185.8,0.025991099335520282
186.0,0.03899986176908553
186.20000000000002,0.041998322385042836
186.4,0.02901703703703608
186.60000000000002,0.01700926273118785
186.8,0.0499829228824293
187.0,0.05103324717052613
187.20000000000002,0.06499099663299655
187.4,0.027027622412932936
187.60000000000002,0.0389912727272729
187.8,0.024008392315469047
188.0,0.0140036369668678
188.20000000000002,0.013000852674066601
188.4,0.02598890404040342
188.60000000000002,0.014009236988377582
188.8,0.027988059550845965
189.0,0.03998357839182863
189.20000000000002,0.035003425925925834
189.4,0.059977637662882645
189.60000000000002,0.0679894945424019
189.8,0.017037213073219218
190.0,0.021956690831637916
190.20000000000002,1.8758829470386988e-05
190.4,0.02497866161616043
190.60000000000002,0.030994627619288367
190.8,0.015011648129423334
191.0,0.060875578145466056
191.20000000000002,0.0210341414141394
191.4,0.030991464646464153
191.60000000000002,0.018011640158208383
191.8,0.03998122222222327
192.0,0.024013977764062
192.20000000000002,0.024999314122008717
192.4,0.01800596871846648
192.60000000000002,0.0125175053763426
192.8,0.007004668696142534
193.0,0.0089971821739681
193.20000000000002,0.0110732164520372
193.4,0.030013922558922768
193.60000000000002,0.034993148112003304
193.8,0.03199716739472788
194.0,0.030997739055113983
194.20000000000002,0.029966243340133626
194.4,0.023034519597850116
194.60000000000002,0.03593634837420365
194.8,0.008039616942863132
195.0,0.02196201631107345
195.20000000000002,0.0040876884758716
195.4,0.022020651515151868
195.60000000000002,0.0310534377104373
195.8,0.04993975759658387
196.0,0.025823234129644115
196.20000000000002,0.014442608977516237
196.4,0.020955548391593984
196.60000000000002,0.0040093774105381666
196.8,0.008002572433031518
197.0,0.0090890542362988
197.20000000000002,0.03296980213646142
197.4,0.0189792429733959
197.60000000000002,0.01106008928312345
197.8,0.0369600591985431
198.0,0.021951915297671144
198.20000000000002,0.009007260492892867
198.4,0.0020172037483779334
198.60000000000002,0.010058191919192315
198.8,0.0319556936026949
199.0,0.011166973187043901
199.20000000000002,0.055976760030274186
199.4,0.0270331869920431
199.60000000000002,0.04292428956229193
199.8,0.014027557239056016
200.0,0.027050201435792228
200.20000000000002,0.03799385650601365
200.4,0.04599552861952838
200.60000000000002,0.06099161616161577
200.8,0.006030740740736783
201.0,0.029055441152987343
201.20000000000002,0.043991622508194696
201.4,0.036004806866952864
201.60000000000002,0.03500055892255891
201.8,0.022014331739239598
202.0,0.02800633973891467
202.20000000000002,0.031997764309763414
202.4,0.03000111784511787
202.60000000000002,0.023004792665489018
202.8,0.012006152809366533
203.0,0.0210441525884151
203.20000000000002,0.04797023408004073
203.4,0.054996075650117986
203.60000000000002,0.02502053999495307
203.8,0.025000000000000005
204.0,0.017027289817548915
204.20000000000002,0.028991283732660966
204.4,0.029999440512301915
204.60000000000002,0.03
204.8,0.007015759259256851
205.0,0.05188035886821186
205.20000000000002,0.013030103876360617
205.4,0.016997930046354682
205.60000000000002,0.013002570443266866
205.8,0.005005144781144034
206.0,0.041975856918506756
206.20000000000002,0.04100076897189965
206.4,0.021025404815848567
206.60000000000002,0.0190013752323027
206.8,0.08995135185185232
207.0,0.029059954624507528
207.20000000000002,0.0389923102810031
207.4,0.01401923400673325
207.60000000000002,0.018996572342934132
207.8,0.017001370370370316
208.0,0.04595860371103654
208.20000000000002,0.035009849364637864
208.4,0.006021106899165467
208.60000000000002,0.0679471208680086
208.8,0.011039095045500049
209.0,0.04293845588070667
209.20000000000002,0.02101875882946405
209.4,0.021999272175890802
209.60000000000002,0.01500976525821595
209.8,0.03498623721362763
210.0,0.031052859744990773
210.20000000000002,0.056976743169400434
210.4,0.02402816666666498
210.60000000000002,0.03299231818181859
210.8,0.03200085353535355
211.0,0.02801427561327547
211.20000000000002,0.03299573232323255
211.4,0.033
211.60000000000002,0.05298292929293023
211.8,0.023025606060607384
212.0,0.04195472365192616
212.20000000000002,0.0290116401582084
212.4,0.026002560606060432
212.60000000000002,0.0155360759013277
212.8,0.00506136127882245
213.0,0.0319793484848489
213.20000000000002,0.02300006493506474
213.4,0.02308783501683145
213.60000000000002,0.0608510336700365
213.8,0.008998126262625116
214.0,0.008019699043821734
214.20000000000002,0.014999949558638172
214.4,0.015
214.60000000000002,0.015013858055835749
214.8,0.020037814375555615
215.0,0.037974499846800264
215.20000000000002,0.028932089466089356
215.4,0.012062106060607083
215.60000000000002,0.03397903277647012
215.8,0.024088070665372927
216.0,0.008460215350661557
216.20000000000002,0.03345371804531854
216.4,0.019966145613860817
216.60000000000002,0.005164311320402583
216.8,0.06700578114478258
217.0,0.0698930764790766
217.20000000000002,0.04700650300613077
217.4,0.04990929190997027
217.60000000000002,0.0100797808050225
217.8,0.039953571894524885
218.0,0.01805523824241536
218.20000000000002,0.0379620133403799
218.4,0.019971021885521318
218.60000000000002,0.009042112794613616
218.8,0.028981308645374033
219.0,0.02203288130467326
219.20000000000002,0.03501879958033698
219.4,0.043954905723905646
219.60000000000002,0.026995941077440567
219.8,0.024978853027414916
220.0,0.01704781522117943
220.20000000000002,0.0419734810339065
220.4,0.033943383266061146
220.60000000000002,0.007015079485246816
220.8,0.02899981462757037
221.0,0.029028813852813286
221.20000000000002,0.04499105723905831
221.4,0.07089061115801588
221.60000000000002,0.0190290419715666
221.8,0.05198017167381925
222.0,0.0360145475471154
222.20000000000002,0.036
222.4,0.05698914646464772
222.60000000000002,0.0390093030303019
222.8,0.049993853404022244
223.0,0.017039229437230016
223.20000000000002,0.026994410774411448
223.4,0.02100661464887978
223.60000000000002,0.018002060759493618
223.8,0.03199216915171253
224.0,0.06392004748429785
224.20000000000002,0.038014550358196945
224.4,0.01101509090908895
224.60000000000002,0.028986922300706635
224.8,0.06897594136972397
225.0,0.044972653583244634
225.20000000000002,0.022012868217054768
225.4,0.034992734006734916
225.60000000000002,0.025006846664984317
225.8,0.02899725925925925
226.0,0.04794882550101549
226.20000000000002,0.02701527272727228
226.4,0.02500111897539585
226.60000000000002,0.08892144869215601
226.8,0.015050870703487283
227.0,0.05991134316482716
227.20000000000002,0.02702399999999935
227.4,0.03299664307381235
227.60000000000002,0.006018485995457751
227.8,0.031977830474269685
228.0,0.012046939338143945
228.20000000000002,0.025989810462471768
228.4,0.025000852889225215
228.60000000000002,0.00201577519380265
228.8,0.039973962962963204
229.0,0.0170006519688515
229.20000000000002,0.010005094768764067
229.4,0.026987636363630118
229.60000000000002,0.04698210110186002
229.8,0.01304181451612735
230.0,0.020001786169970642
230.20000000000002,0.022997439393938918
230.4,0.07096305204647109
230.60000000000002,0.015047773851587301
230.8,0.043974033493227295
231.0,0.030036386951081573
231.20000000000002,0.04398044981537417
231.4,0.046997430960222776
231.60000000000002,0.045001707070706935
231.8,0.027017618567102452
232.0,0.04896368621009232
232.20000000000002,0.0380093888888925
232.4,0.0280318279569923
232.60000000000002,0.018014205546930083
232.8,0.0240202542087546
233.0,0.03099052931273535
233.20000000000002,0.02710089465360813
233.4,0.05197692087542093
233.60000000000002,0.0439506430976431
233.8,0.022959608318297898
234.0,0.00902199167295005
234.20000000000002,0.019054626189673816
234.4,0.030072793381171165
234.60000000000002,0.060914430928239165
234.8,0.021965520533952915
235.0,0.010117748068926133
235.20000000000002,0.05979724251531867
235.4,0.0190921561812437
235.60000000000002,0.04249170487627645
235.8,0.026506538558786197
236.0,0.04001240331859639
236.20000000000002,0.004096815138236583
236.4,0.04499675713577155
236.60000000000002,0.043975977440404455
236.8,0.0330377558688796
237.0,0.046860970328167974
237.20000000000002,0.011150948222140451
237.4,0.06295501738698712
237.60000000000002,0.04301088383838311
237.8,0.04797289730639662
238.0,0.01018527849927923
238.20000000000002,0.057871046920163566
238.4,0.011052121552685432
238.60000000000002,0.03300254663510812
238.8,0.03399999158461667
239.0,0.034
239.20000000000002,0.0339399495459134
239.4,0.012012283888328784
239.60000000000002,0.05787951149492848
239.8,0.014024567776653417
240.0,0.0290427911083127
240.20000000000002,0.0499687667602787
240.4,0.036015422535211
240.60000000000002,0.02696666697400048
240.8,0.012022427549529417
241.0,0.020996016005191315
241.20000000000002,0.020984424823410536
241.4,0.014004202825428918
241.60000000000002,0.01799776430976417
241.8,0.024996087542088
242.0,0.027973744588744485
242.20000000000002,0.0150072659932675
242.4,0.02399496969696943
242.60000000000002,0.0389884741488024
242.8,0.05698992667509609
243.0,0.0349761760461743
243.20000000000002,0.017010060606059283
243.4,0.07385307528220918
243.60000000000002,0.00808379371069415
243.8,0.021989784646567215
244.0,0.047955076871562426
244.20000000000002,0.03100950168350693
244.4,0.015010954663974967
244.60000000000002,0.022994183287048817
244.8,0.04398472727271957
245.0,0.04095863348784691
245.20000000000002,0.023010060606059285
245.4,0.0669717251240641
245.60000000000002,0.026034950819673983
245.8,0.0060145564821869
246.0,0.035044260528347006
246.20000000000002,0.0619860278128967
246.4,0.08598457734039859
246.60000000000002,0.042037508196723285
246.8,0.023024152812761198
247.0,0.052006182853283865
247.20000000000002,0.0629915370370373
247.4,0.023025736904160432
247.60000000000002,0.07895226229507936
247.8,0.03304119865320025
248.0,0.042960468606796844
248.20000000000002,0.025025865191146735
248.4,0.03799160155589371
248.60000000000002,0.02600822014642755
248.8,0.050978683148333835
249.0,0.05798987068330043
249.20000000000002,0.05500230808080797
249.4,0.043010739338883934
249.60000000000002,0.0300116430976435
249.8,0.0309991462490527
250.0,0.02702733110239664
250.20000000000002,0.03898921985815668
250.4,0.012023045454544084
250.60000000000002,0.04197439393938105
250.8,0.03200853535353578
251.0,0.046989025974026585
251.20000000000002,0.04700000000000001
251.4,0.009053091519731417
251.60000000000002,0.04196758481012607
251.8,0.04699572908769245
252.0,0.014119113418817128
252.20000000000002,0.0543455777496896
252.4,0.09489685111020994
252.60000000000002,0.04792321420473699
252.8,0.021035530303029567
253.0,0.03601437710437762
253.20000000000002,0.04099557297786864
253.4,0.03993221631062233
253.60000000000002,0.009088787881258817
253.8,0.03999755137280673
254.0,0.0389245909197313
254.20000000000002,0.013012276222866057
254.4,0.016118464836616067
254.60000000000002,0.059983465447539
254.8,0.052924974602904046
255.0,0.01810254406893165
255.20000000000002,0.05003175757575873
255.4,0.05792171324000727
255.60000000000002,0.045582838227512634
255.8,0.04577254430525279
256.0,0.022107961230509756
256.2,0.04409831334361036
256.40000000000003,0.07785612662352599
256.6,0.011078580808079367
256.8,0.04008277196562515
257.0,0.07792944841184421
257.2,0.06305475592414897
257.40000000000003,0.08786054656456153
257.6,0.03702633863235582
257.8,0.09888150750926704
258.0,0.04491607782371554
258.2,0.026985149831649766
258.40000000000003,0.020123716084641384
258.6,0.06597430902514816
258.8,0.011043507085000966
259.0,0.02704224929078793
259.2,0.03799431911851353
259.40000000000003,0.056935323165870445
259.6,0.033013403986886035
259.8,0.05698658585858524
260.0,0.04101523247332224
260.2,0.044997766002187155
260.40000000000003,0.025037167136421516
260.6,0.04198127263581514
260.8,0.06998429862342637
261.0,0.05214909956710206
261.2,0.12695808080808613
261.40000000000003,0.0700318585858545
261.6,0.029022915824912853
261.8,0.025011798375915866
262.0,0.030009134803875914
262.2,0.034997205387205715
262.40000000000003,0.005016767676765483
262.6,0.03898099663298277
262.8,0.04399720538720523
263.0,0.048988387934716326
263.2,0.04500273866599333
263.40000000000003,0.03400615280936655
263.6,0.0439923160992016
263.8,0.00903863407258
264.0,0.027118307763051328
264.2,0.08096077679695897
264.40000000000003,0.010036741677197482
264.6,0.037979662042875596
264.8,0.03000447590158425
265.0,0.024996905355441384
265.2,0.022003557232704515
265.40000000000003,0.07096632387705477
265.6,0.03302922093218801
265.8,0.03999461447811465
266.0,0.06996127876190508
266.2,0.05700890066447963
266.40000000000003,0.01103151851851375
266.6,0.0209923102810031
266.8,0.07595768518518671
267.0,0.02711602768910986
267.2,0.060976621050853407
267.40000000000003,0.0350178148148121
267.6,0.004026432896063001
267.8,0.06395633055345064
268.0,0.020071543607693285
268.2,0.037987663551401964
268.40000000000003,0.024017196073495367
268.6,0.039986312325994165
268.8,0.0409992302509685
269.0,0.009142976061030244
269.2,0.059956502649505604
269.40000000000003,0.0110336080215655
269.6,0.027985504540868598
269.8,0.05297866161616282
270.0,0.030028206720678845
270.2,0.0369940297754223
270.40000000000003,0.03500137175598243
270.6,0.04199403128153412
270.8,0.051991046032147346
271.0,0.08986471431315488
271.2,0.03304867609904249
271.40000000000003,0.012018808080808767
271.6,0.054939953004367735
271.8,0.04201167848699682
272.0,0.0315400353982286
272.2,0.02101522340617657
272.40000000000003,0.025017370327804298
272.6,0.031071818181817683
272.8,0.06089242255892153
273.0,0.024014429094869366
273.2,0.030035017326946356
273.40000000000003,0.03694853845382768
273.6,0.019039524466404417
273.8,0.03702305371885423
274.0,0.04492236393357743
274.2,0.012019141894684473
274.40000000000003,0.016072925883359315
274.6,0.04694759277728932
274.8,0.029053796498968134
275.0,0.05399743635507113
275.2,0.05292995675909907
275.40000000000003,0.034442736390603745
275.6,0.017866163868936757
275.8,0.03703812779627372
276.0,0.04898835073671713
276.2,0.04596506228956168
276.40000000000003,0.030052035715226317
276.6,0.048959121252499384
276.8,0.030013611111110682
277.0,0.03497727128427106
277.2,0.029002740740740583
277.40000000000003,0.030005930976429732
277.6,0.0659862457912465
277.8,0.06087754798575377
278.0,0.0050619440193562714
278.2,0.02007520046410995
278.40000000000003,0.04799514944262287
278.6,0.020015634039688517
278.8,0.01004080309412095
279.0,0.028978691197690972
279.2,0.022027898101632384
279.40000000000003,0.03499273950710707
279.6,0.02000838383838272
279.8,0.03893773716200285
280.0,0.010041574675133457
280.2,0.022054528542948832
280.40000000000003,0.04699103914182978
280.6,0.036006141944163315
280.8,0.05797666330983561
281.0,0.062020976754480615
281.2,0.0699958684498265
281.40000000000003,0.03903156285603387
281.6,0.08297543222334654
281.8,0.0490190033670009
282.0,0.07204207821700039
282.2,0.1009680291970808
282.40000000000003,0.0410336458069434
282.6,0.09097415824916126
282.8,0.053019639730637384
283.0,0.04100286083945737
283.2,0.039001118692612836
283.40000000000003,0.0619823270281637
283.6,0.06299944051230191
283.8,0.05100670707070618
284.0,0.025091906440089556
284.2,0.05998035835022903
284.40000000000003,0.06599538965952094
284.6,0.066
284.8,0.031032417114950302
285.0,0.04608804562986863
285.2,0.08797122222222249
285.40000000000003,0.00710623396226615
285.6,0.0189912439827719
285.8,0.0309932861476247
286.0,0.023062342763637216
286.2,0.047982870370370516
286.40000000000003,0.0539956374652866
286.6,0.05200145454545448
286.8,0.010030545454540634
287.0,0.050906110800931784
287.2,0.013026037037036734
287.40000000000003,0.03897783606557501
287.6,0.09795705837755979
287.8,0.02105600000002067
288.0,0.03101321510783967
288.2,0.04099356902356895
288.40000000000003,0.04199914754098361
288.6,0.013040486618004917
288.8,0.018995618661257666
289.0,0.029952299365696072
289.2,0.008015089315807017
289.40000000000003,0.008
289.6,0.013994626262626
289.8,0.029987680903041432
290.0,0.018981598969444315
290.2,0.007008232616940416
290.40000000000003,0.03697442622950963
290.6,0.052986343434338085
290.8,0.10395646969696731
291.0,0.03603591691284101
291.2,0.030005372380711548
291.40000000000003,0.025004478114477747
291.6,0.0215120253004426
291.8,0.017988051402705065
292.0,0.0130076767676746
292.2,0.008114948051950314
292.40000000000003,0.03697419360269443
292.6,0.028988299663299532
292.8,0.02398843939393905
293.0,0.020014154882154717
293.2,0.02622509236119137
293.40000000000003,0.07194844712178738
293.6,0.05308568366339463
293.8,0.08983405787610692
294.0,0.031932678487922084
294.2,0.0011997129398379144
294.40000000000003,0.041973336173712454
294.6,0.031132047312365213
294.8,0.07992905231172356
295.0,0.04998932634450762
295.2,0.04458060243911993
295.40000000000003,0.039821622530474866
295.6,0.08443366092464034
295.8,0.03497626707172485
296.0,0.02608094305769803
296.2,0.04698827151148267
296.40000000000003,0.05591383664290114
296.6,0.024059269360269534
296.8,0.05105715151514672
297.0,0.07174161327561711
297.2,0.005022634157360034
297.40000000000003,0.0359804512443294
297.6,0.02704580976430955
297.8,0.04398485142959346
298.0,0.036927505063262714
298.2,0.018033311631280847
298.40000000000003,0.06197543222334651
298.6,0.02399762987213468
298.8,0.022999348484848182
299.0,0.01907489695863026
299.2,0.03499106626303508
299.40000000000003,0.029003101793381766
299.6,0.06590828954409096
299.8,0.03201755908823395
300.0,0.032
