timestamps,Speed
s,m/s
157.088654,10.566
157.286654,10.429
157.484454,10.466000000000001
157.68255399999998,10.106
157.880604,10.55
158.078804,10.317
158.27665399999998,10.158
158.474654,10.22
158.672604,10.158
158.871454,9.98
159.068804,10.228
159.266704,9.74
159.464854,9.269
159.66285399999998,9.355
159.86065399999998,9.546
160.058854,9.438
160.256854,9.059000000000001
160.454704,8.867
160.652854,8.84
160.850654,8.408
161.04950399999998,8.535
161.24685399999998,8.237
161.444754,8.255
161.642904,8.166
161.84105399999999,7.768
162.236154,7.58
162.434154,7.4030000000000005
162.63215399999999,6.871
162.830154,6.5520000000000005
163.028154,6.457
163.22615399999998,6.726
163.424154,6.5920000000000005
163.622404,6.281
163.820204,6.33
164.018404,6.452
164.216204,6.391
164.41420399999998,6.338
164.61245399999999,6.446
164.810204,6.2700000000000005
165.00840399999998,6.205
165.20620399999999,6.04
165.404204,5.783
165.602454,5.648
165.800454,5.731
165.99845399999998,5.674
166.196454,5.516
166.394254,5.428
166.592454,5.26
166.79045399999998,4.952
166.988454,4.657
167.186454,4.3100000000000005
167.384504,4.461
167.582504,3.907
167.78050399999998,3.722
167.978654,3.794
168.176504,3.553
168.374504,3.633
168.57250399999998,3.5660000000000003
168.770504,3.594
168.968654,3.854
169.166504,4.4750000000000005
169.364554,4.776
169.562704,5.106
169.76055399999998,5.603
169.95870399999998,5.946
170.156704,5.889
170.35455399999998,6.308
170.552704,6.575
170.750554,6.821
170.948704,6.921
171.14735399999998,6.888
171.344754,7.0200000000000005
171.542704,6.9190000000000005
171.740704,6.9910000000000005
171.938704,7.072
172.136754,6.9510000000000005
172.334754,6.705
172.53275399999998,6.3340000000000005
172.730754,5.575
172.929404,4.735
173.126754,4.181
173.32475399999998,3.855
173.52290399999998,3.698
173.720754,3.714
173.919004,3.208
174.116804,2.733
174.315454,2.2720000000000002
174.51295399999998,2.039
174.710804,1.993
174.909054,1.485
175.107054,1.22
175.304804,1.118
175.502954,0.9560000000000001
175.700954,0.796
175.89905399999998,0.5710000000000001
176.09705399999999,0.647
176.294954,0.535
176.49300399999998,0.342
176.691004,0.334
176.889054,0.378
177.087054,0.28600000000000003
177.285054,0.244
177.483654,0.332
177.681004,0.165
177.879204,0.176
178.077104,0.097
178.275104,0.069
178.473004,0.045
178.671254,0.059000000000000004
178.86925399999998,0.082
179.067254,0.101
179.265254,0.112
179.46325399999998,0.026000000000000002
179.66105399999998,0.148
179.859254,0.224
180.057304,0.156
180.255154,0.223
180.453304,0.34900000000000003
180.651904,0.272
180.849254,0.35000000000000003
181.047304,0.22
181.245304,0.226
181.44330399999998,0.191
181.64145399999998,0.139
181.839304,0.10200000000000001
182.234554,0.037
182.432604,0.055
182.630604,0.158
182.82860399999998,0.10400000000000001
183.026604,0.08
183.224604,0.058
183.42260399999998,0.04
183.620604,0.079
183.818604,0.051000000000000004
184.016604,0.153
184.21460399999998,0.189
184.412654,0.088
184.610854,0.111
184.808854,0.055
185.006854,0.011
185.204604,0.056
185.402854,0.047
185.600854,0.108
185.798654,0.123
185.996904,0.079
186.19465399999999,0.121
186.392654,0.028
186.590904,0.108
186.788904,0.128
186.98690399999998,0.125
187.184904,0.10300000000000001
187.382704,0.07100000000000001
187.580904,0.036000000000000004
187.779104,0.076
187.97695399999998,0.021
188.17495399999999,0.046
188.372904,0.068
188.57090399999998,0.034
188.768904,0.128
188.96710399999998,0.106
189.164954,0.007
189.362954,0.065
189.56095399999998,0.037
189.758954,0.068
189.957754,0.039
190.154954,0.048
190.353104,0.035
190.55110399999998,0.108
190.749154,0.038
190.94715399999998,0.024
191.145154,0.022
191.34380399999998,0.064
191.54115399999998,0.046
191.73915399999998,0.108
191.937154,0.07200000000000001
192.135154,0.055
192.333304,0.135
192.531154,0.053
192.729404,0.005
192.927204,0.058
193.125204,0.034
193.323354,0.084
193.52120399999998,0.091
193.719404,0.05
193.917204,0.001
194.11520399999998,0.054
194.313354,0.094
194.512004,0.05
194.709454,0.053
194.907454,0.049
195.105204,0.073
195.303404,0.042
195.501354,0.089
195.699454,0.029
195.89745399999998,0.021
196.09525399999998,0.033
196.29340399999998,0.027
196.491404,0.024
196.689654,0.04
196.88750399999998,0.009000000000000001
197.085504,0.055
197.283404,0.08
197.481404,0.016
197.68030399999998,0.063
197.877504,0.051000000000000004
198.075504,0.11800000000000001
198.273654,0.065
198.471454,0.041
198.669704,0.031
198.867704,0.308
199.066204,0.553
199.263654,0.991
199.461454,1.1460000000000001
199.659704,1.6
199.85770399999998,1.811
200.055704,1.6500000000000001
200.253704,1.93
200.45170399999998,2.047
200.64970399999999,1.9120000000000001
200.848354,1.6440000000000001
201.045854,1.703
201.24370399999998,1.455
201.441754,1.474
201.83700399999998,1.413
202.233204,1.079
202.431004,1.1
202.62900399999998,1.092
202.827004,1.006
203.025004,1.028
203.223254,1.049
203.42100399999998,1.101
203.619004,0.9380000000000001
203.81705399999998,0.866
204.015054,0.8290000000000001
204.21325399999998,0.499
204.41125399999999,0.449
204.60930399999998,0.311
204.807304,0.179
205.005054,0.094
205.203304,0.005
205.40130399999998,0.167
205.599054,0.08
205.797304,0.02
205.995304,0.10300000000000001
206.19330399999998,0.049
206.391304,0.068
206.589304,0.123
206.78730399999998,0.23600000000000002
206.98530399999999,0.28700000000000003
207.183304,0.231
207.381304,0.299
207.579504,0.34500000000000003
207.777354,0.221
207.97535399999998,0.211
208.174154,0.312
208.371354,0.22
208.569354,0.2
208.767504,0.451
208.965354,0.722
209.163504,0.98
209.36135399999998,1.046
209.55935399999998,1.574
209.757554,1.9180000000000001
209.95620399999999,2.54
210.15355399999999,2.704
210.351554,2.938
210.549554,3.295
210.74755399999998,3.636
210.945554,3.738
211.143554,3.656
211.34220399999998,3.633
211.53945399999998,3.525
211.737604,3.383
211.93560399999998,3.4450000000000003
212.133604,3.112
212.331604,3.109
212.52980399999998,2.906
212.72760399999999,2.585
212.925604,2.708
213.123754,2.5180000000000002
213.32160399999998,2.203
213.51985399999998,2.197
213.717854,2.057
213.915604,1.963
214.113754,1.874
214.31175399999998,1.864
214.510304,1.867
214.707854,1.734
214.905654,1.605
215.103804,1.58
215.301804,1.5350000000000001
215.49980399999998,1.103
215.697904,1.047
215.895904,0.972
216.09380399999998,1.046
216.29180399999998,0.642
216.490054,0.464
216.687954,0.434
216.885954,0.364
217.083804,0.276
217.28185399999998,0.406
217.479854,0.338
217.67870399999998,0.398
217.87595399999998,0.429
218.07410399999998,0.432
218.271854,0.468
218.470104,0.516
218.668104,0.41100000000000003
218.865954,0.559
219.064754,0.8220000000000001
219.261854,0.849
219.460104,0.756
219.65810399999998,0.72
219.856104,0.921
220.05415399999998,0.848
220.252154,1.1500000000000001
220.450154,1.122
220.64815399999998,1.171
220.84675399999998,1.356
221.044154,1.332
221.242154,1.422
221.637404,1.452
222.033404,1.469
222.231404,1.441
222.429454,1.448
222.627454,1.461
222.82545399999998,1.375
223.023454,1.088
223.221654,1.1300000000000001
223.419454,1.163
223.617704,0.978
223.815454,0.98
224.013454,0.92
224.21165399999998,0.805
224.409504,0.655
224.60770399999998,0.543
224.80550399999998,0.5690000000000001
225.003504,0.614
225.20170399999998,0.5640000000000001
225.39970399999999,0.64
225.597704,0.678
225.795704,0.637
225.993504,0.59
226.191704,0.585
226.38975399999998,0.645
226.587754,0.72
226.785754,0.998
226.98350399999998,1.059
227.18175399999998,1.467
227.379754,1.554
227.577904,1.689
227.77575399999998,1.909
227.973804,2.277
228.17180399999998,2.448
228.369804,2.447
228.567954,2.466
228.765804,2.466
228.96380399999998,2.531
229.16195399999998,2.669
229.359804,2.669
229.557954,2.8890000000000002
229.755954,3.1430000000000002
229.95385399999998,3.347
230.15200399999998,3.63
230.35000399999998,3.959
230.54795399999998,4.238
230.74595399999998,4.518
230.94400399999998,4.942
231.142004,4.897
231.340654,4.978
231.538004,5.08
231.73600399999998,5.147
231.934004,5.324
232.132004,5.597
232.330004,5.579
232.52800399999998,5.665
232.72605399999998,5.593
232.92405399999998,5.625
233.12220399999998,5.623
233.320054,5.6080000000000005
233.518304,5.497
233.71605399999999,5.365
233.91420399999998,5.156
234.112204,4.992
234.31005399999998,4.607
234.508954,4.333
234.70610399999998,4.005
234.904104,3.611
235.102254,2.975
235.300254,2.565
235.498304,2.1
235.696304,1.741
235.894104,1.5150000000000001
236.092254,1.499
236.29045399999998,1.526
236.488354,1.1440000000000001
236.686354,1.252
236.884504,1.336
237.082304,1.182
237.28025399999999,1.324
237.478504,1.239
237.67700399999998,1.035
237.87435399999998,1.18
238.072304,1.314
238.27030399999998,1.189
238.468504,1.635
238.666554,1.937
238.86440399999998,2.108
239.063154,2.242
239.26055399999998,2.111
239.458554,1.987
239.656554,1.969
239.85455399999998,1.681
240.052554,1.688
240.250554,1.5
240.448554,1.708
240.646604,1.847
240.845204,1.972
241.23985399999998,1.9160000000000001
241.635854,1.6520000000000001
241.833854,1.567
242.03185399999998,1.464
242.229854,1.445
242.428054,1.197
242.62585399999998,0.841
242.82385399999998,0.9440000000000001
243.02210399999998,0.967
243.21990399999999,0.781
243.418104,0.619
243.615904,0.447
243.813854,0.335
244.011904,0.19
244.209904,0.067
244.40810399999998,0.046
244.60615399999998,0.005
244.803904,0.023
245.001904,0.023
245.200154,0.034
245.39815399999998,0.063
245.59615399999998,0.025
245.793904,0.018000000000000002
245.992154,0.095
246.19015399999998,0.021
246.38830399999998,0.064
246.58620399999998,0.065
246.784204,0.01
246.982204,0.077
247.18020399999997,0.05
247.378354,0.029
247.576204,0.056
247.774204,0.026000000000000002
247.97220399999998,0.058
248.17020399999998,0.061
248.36835399999998,0.04
248.56640399999998,0.058
248.76420399999998,0.035
248.96235399999998,0.051000000000000004
249.160204,0.053
249.358354,0.035
249.556404,0.135
249.75425399999997,0.1
249.952404,0.063
250.15040399999998,0.078
250.348404,0.082
250.546404,0.051000000000000004
250.74440399999997,0.085
250.94240399999998,0.035
251.140404,0.014
251.33905399999998,0.03
251.536454,0.016
251.734454,0.044
251.93245399999998,0.018000000000000002
252.13070399999998,0.023
252.328654,0.028
252.526454,0.009000000000000001
252.72445399999998,0.031
252.92260399999998,0.08
253.120704,0.023
253.318704,0.074
253.516504,0.065
253.71450399999998,0.105
253.91265399999997,0.05
254.110854,0.019
254.30870399999998,0.032
254.507354,0.046
254.704504,0.03
254.90265399999998,0.038
255.100854,0.052000000000000005
255.298754,0.047
255.49675399999998,0.04
255.694504,0.039
255.892654,0.019
256.09090399999997,0.027
256.288904,0.022
256.48675399999996,0.036000000000000004
256.684754,0.027
256.882704,0.017
257.080904,0.016
257.278954,0.076
257.476804,0.018000000000000002
257.675404,0.031
257.872904,0.033
258.070904,0.032
258.268954,0.039
258.466954,0.032
258.664804,0.03
258.862954,0.069
259.061604,0.028
259.25895399999996,0.035
259.456954,0.03
259.654804,0.025
259.852954,0.021
260.051104,0.047
260.249004,0.043000000000000003
260.447004,0.04
260.645004,0.038
260.843654,0.019
261.238254,0.023
261.43625399999996,0.022
261.634304,0.028
261.832504,0.04
262.030254,0.027
262.228504,0.015
262.426254,0.024
262.624304,0.018000000000000002
262.822504,0.013000000000000001
263.020304,0.034
263.218554,0.049
263.41630399999997,0.009000000000000001
263.614304,0.012
263.812304,0.019
264.010554,0.006
264.208554,0.032
264.40655399999997,0.074
264.604354,0.023
264.802554,0.066
265.00055399999997,0.02
265.198604,0.009000000000000001
265.39660399999997,0.029
265.59455399999996,0.022
265.792554,0.031
265.990554,0.048
266.18875399999996,0.03
266.386604,0.04
266.584604,0.037
266.782404,0.03
266.98060399999997,0.039
267.17875399999997,0.057
267.376604,0.026000000000000002
267.57460399999997,0.048
267.772604,0.028
267.970604,0.021
268.16880399999997,0.077
268.367454,0.021
268.56465399999996,0.013000000000000001
268.76280399999996,0.07
268.960654,0.019
269.158804,0.018000000000000002
269.356804,0.004
269.554804,0.057
269.75280399999997,0.026000000000000002
269.950804,0.034
270.148854,0.025
270.346854,0.015
270.544854,0.017
270.742704,0.037
270.940854,0.028
271.138854,0.052000000000000005
271.33685399999996,0.038
271.535504,0.052000000000000005
271.733004,0.033
271.930904,0.01
272.129104,0.028
272.32685399999997,0.022
272.524854,0.028
272.722854,0.029
272.920904,0.065
273.119104,0.03
273.317104,0.045
273.514904,0.019
273.713054,0.034
273.911054,0.009000000000000001
274.109154,0.028
274.30715399999997,0.075
274.504904,0.029
274.70370399999996,0.011
274.901054,0.077
275.099154,0.024
275.297154,0.03
275.495204,0.028
275.693104,0.016
275.891104,0.052000000000000005
276.089954,0.029
276.287154,0.019
276.485204,0.025
276.683104,0.028
276.881104,0.036000000000000004
277.07935399999997,0.02
277.277354,0.03
277.47520399999996,0.035
277.67335399999996,0.033
277.871754,0.046
278.069354,0.039
278.267354,0.052000000000000005
278.46525399999996,0.05
278.663404,0.051000000000000004
278.861154,0.025
279.059404,0.05
279.258054,0.026000000000000002
279.455404,0.054
279.65340399999997,0.026000000000000002
279.851404,0.043000000000000003
280.049404,0.029
280.24740399999996,0.019
280.445404,0.027
280.643404,0.021
281.038654,0.014
281.236704,0.047
281.434704,0.01
281.632704,0.06
281.83070399999997,0.046
282.028704,0.026000000000000002
282.226704,0.008
282.42470399999996,0.025
282.622704,0.027
282.820904,0.017
283.018704,0.089
283.216954,0.047
283.41475399999996,0.014
283.612754,0.036000000000000004
283.810954,0.026000000000000002
284.008754,0.031
284.206954,0.065
284.40475399999997,0.021
284.602754,0.052000000000000005
284.800954,0.018000000000000002
284.99895399999997,0.027
285.197004,0.012
285.395004,0.024
285.592754,0.092
285.791004,0.049
285.98900399999997,0.017
286.187004,0.059000000000000004
286.385004,0.002
286.582804,0.018000000000000002
286.781004,0.039
286.97905399999996,0.022
287.17720399999996,0.002
287.375054,0.031
287.573054,0.047
287.771054,0.023
287.969204,0.037
288.16720399999997,0.031
288.365054,0.022
288.56305399999997,0.07100000000000001
288.761254,0.023
288.95910399999997,0.022
289.15725399999997,0.016
289.355204,0.02
289.553054,0.029
289.75125399999996,0.056
289.949254,0.02
290.147254,0.008
290.345254,0.031
290.543404,0.029
290.74125399999997,0.045
290.939504,0.046
291.137254,0.069
291.33525399999996,0.035
291.53340399999996,0.026000000000000002
291.731954,0.052000000000000005
291.929304,0.039
292.127304,0.035
292.32530399999996,0.006
292.52345399999996,0.013000000000000001
292.721454,0.044
292.919304,0.03
293.118204,0.012
293.31530399999997,0.036000000000000004
293.513354,0.011
293.711554,0.047
293.909554,0.12
294.107554,0.047
294.305554,0.035
294.50350399999996,0.05
294.701504,0.06
294.900354,0.081
295.097604,0.108
295.29560399999997,0.193
295.493504,0.314
295.691504,0.358
295.889554,0.34900000000000003
296.087604,0.545
296.286254,0.6
296.483754,0.756
296.68150399999996,0.8280000000000001
296.879754,0.713
297.07775399999997,0.705
297.275654,0.988
297.473804,1.056
297.671554,1.04
297.869554,1.059
298.06780399999997,0.983
298.265804,1.022
298.463804,1.04
298.66180399999996,1.221
298.859804,1.232
299.057804,1.091
299.255804,1.031
299.454454,1.106
299.65180399999997,1.091
299.849804,1.234
300.047804,1.293
300.24580399999996,1.512
300.444004,1.58
300.83910399999996,1.622
301.037104,1.7650000000000001
301.235104,1.959
301.433104,1.8940000000000001
301.631104,2.067
301.82915399999996,2.045
302.027354,2.126
302.225154,2.1510000000000002
302.423154,2.137
302.621354,2.128
302.81915399999997,2.419
303.017354,2.852
303.215154,3.067
303.41315399999996,2.995
303.611354,3.206
303.809154,3.734
304.007404,4.0360000000000005
304.205404,3.819
304.403154,4.157
304.601404,4.374
304.799404,4.337
304.99740399999996,4.372
305.195404,3.761
305.39320399999997,3.968
305.591454,3.876
305.789454,3.475
305.987604,3.54
306.185404,3.52
306.383454,2.539
306.581454,2.37
306.779454,2.4250000000000003
306.977604,3.1310000000000002
307.175454,3.111
307.373454,3.309
307.57145399999996,3.249
307.769454,3.184
307.967604,3.0380000000000003
308.165604,3.1910000000000003
308.363504,3.376
308.561654,3.4370000000000003
308.759504,4.072
308.957654,4.5440000000000005
309.15565399999997,4.412
309.353504,4.2
309.551654,3.327
309.74965399999996,2.721
309.947654,3.1430000000000002
310.146304,2.899
310.343704,2.872
310.541704,2.732
310.73970399999996,2.294
310.937704,1.3960000000000001
311.135704,1.67
311.333704,1.605
311.531704,0.907
311.72970399999997,0.601
311.928604,0.594
312.125704,0.625
312.323754,1.981
312.521904,2.829
312.71975399999997,3.3200000000000003
312.917954,3.0380000000000003
313.115754,1.825
313.31440399999997,0.733
313.51190399999996,2.903
313.709904,4.276
313.908004,4.659
314.106004,5.103
314.30375399999997,4.893
314.50190399999997,5.114
314.699904,4.656
314.89800399999996,3.971
315.096004,2.954
315.29380399999997,3.847
315.49195399999996,3.622
315.689954,2.868
315.888154,2.443
316.086054,1.993
316.28405399999997,2.23
316.482554,2.217
316.680204,4.234
316.878154,5.492
317.076054,5.291
317.274054,5.692
317.472204,6.058
317.670004,6.744
317.868204,6.78
318.06620399999997,6.812
318.264054,7.221
318.462204,7.346
318.66000399999996,7.466
318.858204,7.6080000000000005
319.05625399999997,7.343
319.254254,7.863
319.452254,8.136000000000001
319.651054,8.451
319.848254,8.514
320.046254,8.009
320.244404,8.308
320.639554,8.704
320.83750399999997,9.887
321.035504,10.002
321.233504,8.886000000000001
321.431554,8.891
321.629554,9.655
321.82775399999997,9.611
322.025554,9.908
322.223554,10.23
322.42155399999996,10.566
322.619554,10.753
322.81780399999997,11.051
323.015554,11.477
323.213554,11.727
323.41180399999996,12.034
323.609804,12.371
323.807804,12.348
324.005854,12.450000000000001
324.203604,12.809000000000001
324.40160399999996,12.522
324.599804,12.541
324.797604,11.957
324.995854,12.411
325.193604,12.684000000000001
325.39185399999997,12.24
325.589854,13.122
325.788654,13.705
325.98585399999996,13.77
326.183854,13.707
326.381854,13.77
326.579854,13.866
326.778004,13.846
326.97590399999996,13.724
327.173904,14.223
327.372054,14.524000000000001
327.569904,14.519
327.768054,14.194
327.966054,14.039
328.163904,14.158
328.361904,13.852
328.55990399999996,14.055
328.75805399999996,14.325000000000001
328.956754,14.436
329.15410399999996,14.349
329.352104,14.277000000000001
329.550104,14.488
329.747904,14.564
329.946104,14.57
330.14410399999997,14.688
330.34275399999996,14.656
330.540104,14.767
330.737954,14.876
330.936154,14.854000000000001
331.134104,14.806000000000001
331.33210399999996,14.705
331.530104,14.795
331.72835399999997,14.844000000000001
331.926154,14.703000000000001
332.124154,14.813
332.322304,14.779
332.520154,14.769
332.71840399999996,14.74
332.916404,14.659
333.114154,14.64
333.312304,14.623000000000001
333.51095399999997,14.602
333.708404,14.652000000000001
333.906404,14.697000000000001
334.104204,14.663
334.302354,14.700000000000001
334.50035399999996,14.744
334.69845399999997,14.686
334.89640399999996,14.744
335.094404,14.738
335.292354,14.66
335.49035399999997,14.75
335.688604,14.911
335.88645399999996,14.991
336.084454,15.049
336.282404,15.05
336.48040399999996,14.991
336.67925399999996,15.047
336.876604,15.131
337.074454,15.187000000000001
337.272604,15.196
337.470404,15.153
337.668654,15.146
337.866654,15.157
338.06510399999996,15.235
338.262654,15.206
338.460404,15.264000000000001
338.658654,15.253
338.856654,15.23
339.054804,15.265
339.252654,15.159
339.450654,15.211
339.648704,15.204
339.847304,14.966000000000001
340.24215399999997,14.918000000000001
340.637954,14.962
340.83595399999996,15.077
341.033954,15.023
341.231954,15.105
341.429954,14.999
341.627954,14.979000000000001
341.82595399999997,15.003
342.024004,15.049
342.222204,14.956
342.420004,14.874
342.618004,14.828000000000001
342.81620399999997,14.875
343.014004,14.771
343.212204,14.678
343.41020399999996,14.619
343.608004,14.639000000000001
343.80625399999997,14.596
344.004054,14.751
344.202254,14.8
344.40025399999996,14.723
344.598254,14.871
344.796254,14.795
344.994254,14.954
345.192254,14.89
345.39025399999997,14.952
345.58845399999996,15.012
345.786304,14.908
345.984304,14.945
346.182304,15.005
346.38030399999997,15.076
346.57845399999997,15.209
346.776454,15.136000000000001
346.97430399999996,15.234
347.17310399999997,15.153
347.370304,15.209
347.56850399999996,15.419
347.766504,15.381
347.96430399999997,15.379
348.162504,15.449
348.360454,15.5
348.55850399999997,15.386000000000001
348.756504,15.42
348.955154,15.335
349.15250399999996,15.287
349.350504,15.208
349.54835399999996,15.253
349.74650399999996,15.219000000000001
349.944504,15.147
350.142654,15.123000000000001
350.34115399999996,15.02
350.538754,14.989
350.736554,14.958
350.934554,14.94
351.132704,14.888
351.330554,14.843
351.528804,14.827
351.72655399999996,14.769
351.924554,14.673
352.122704,14.639000000000001
352.320704,14.762
352.518804,14.776
352.71680399999997,14.549
352.914604,14.465
353.112754,14.283
353.310754,14.287
353.509254,14.229000000000001
353.706804,14.409
353.904604,14.323
354.102754,14.207
354.300754,14.14
354.49900399999996,14.152000000000001
354.696854,14.067
354.894854,13.958
355.09275399999996,13.943
355.290754,13.872
355.488754,13.781
355.686854,13.668000000000001
355.88485399999996,13.589
356.08300399999996,13.561
356.280804,13.518
356.47905399999996,13.555
356.67765399999996,13.502
356.87490399999996,13.475
357.07305399999996,13.408
357.270804,13.397
357.46905399999997,13.494
357.667054,13.633000000000001
357.865054,13.574
358.063704,13.478
358.261054,13.411
358.458854,13.539
358.65705399999996,13.578
358.855054,13.565
359.053054,13.456
359.251104,13.09
359.449104,13.15
359.64710399999996,13.213000000000001
359.845754,13.17
360.24035399999997,12.993
360.438354,13.059000000000001
360.636354,13.077
360.834404,13.013
361.032404,13.047
361.23040399999996,13.051
361.428404,12.974
361.626604,13.012
361.82440399999996,13.078
362.022404,13.008000000000001
362.220604,13.065
362.418404,13.189
362.616654,13.133000000000001
362.81440399999997,13.116
363.012404,13.252
363.210654,13.326
363.40840399999996,13.349
363.606654,13.455
363.80465399999997,13.465
364.002454,13.503
364.200654,13.566
364.39865399999996,13.57
364.596704,13.481
364.79470399999997,13.569
364.992454,13.566
365.190654,13.39
365.388654,13.306000000000001
365.58685399999996,13.371
365.784704,13.286
365.98270399999996,13.173
366.180704,13.063
366.37870399999997,13.053
366.57685399999997,12.981
366.774704,13.05
366.97270399999996,13.178
367.170704,13.204
367.368704,13.216000000000001
367.56690399999997,13.104000000000001
367.764904,13.145
367.962854,13.186
368.16090399999996,13.145
368.358754,13.086
368.556904,12.959
368.754904,12.96
368.95275399999997,12.794
369.15095399999996,12.792
369.348954,12.673
369.54695399999997,12.664
369.744954,12.417
369.942954,12.626
370.14095399999997,12.614
370.338954,12.212
370.537604,12.235
370.73495399999996,12.211
370.932954,12.065
371.13100399999996,11.94
371.329004,12.052
371.527204,12.031
371.72500399999996,12.022
371.922954,11.903
372.121104,11.876
372.319004,11.843
372.517204,11.826
372.71500399999996,11.965
372.913004,11.89
373.111154,11.747
373.309404,11.676
373.507254,11.597
373.705904,11.198
373.903004,10.898
374.101154,10.866
374.299154,10.692
374.497254,10.525
374.69530399999996,10.312
374.89320399999997,9.973
375.092004,9.75
375.289454,9.465
375.48745399999996,9.312
375.685304,8.993
375.883304,8.838000000000001
376.08120399999996,8.542
376.279204,8.299
376.47745399999997,7.91
376.675304,7.415
376.87395399999997,6.961
377.07145399999996,6.603
377.269454,6.328
377.467454,5.771
377.665454,5.332
377.863454,4.944
378.06150399999996,4.783
378.260154,4.416
378.457504,4.117
378.655504,4.025
378.85335399999997,3.779
379.05150399999997,3.599
379.249504,3.435
379.447504,3.394
379.84275399999996,3.392
380.238754,3.109
380.436804,2.878
380.634804,2.888
380.832804,2.87
381.031004,2.939
381.22880399999997,2.797
381.427054,2.748
381.624804,2.732
381.82280399999996,2.751
382.021054,2.8120000000000003
382.218804,2.831
382.417054,2.965
382.614854,3.3040000000000003
382.81285399999996,3.62
383.010854,3.948
383.209054,4.291
383.40705399999996,4.45
383.605054,4.789
383.80285399999997,5.34
384.001054,5.564
384.199104,5.917
384.396904,6.198
384.595104,6.471
384.79310399999997,6.78
384.991104,7.0600000000000005
385.189104,7.2860000000000005
385.38710399999997,7.648000000000001
385.585104,7.976
385.783104,8.204
385.980904,8.502
386.179154,8.887
386.377304,8.942
386.57530399999996,8.873
386.773154,9.0
386.971304,8.986
387.169154,9.095
387.367954,9.288
387.56530399999997,9.577
387.763154,9.774000000000001
387.961204,9.976
388.159204,10.104000000000001
388.35720399999997,10.146
388.55535399999997,10.151
388.753354,10.15
388.951354,10.113
389.14935399999996,10.177
389.347354,10.405
389.545354,10.412
389.743354,10.657
389.941404,10.892
390.13935399999997,10.998000000000001
390.337354,11.228
390.536004,11.338000000000001
390.73335399999996,11.441
390.93150399999996,11.51
391.12940399999997,11.47
391.327604,11.47
391.525404,11.421
391.72340399999996,11.43
391.921654,11.408
392.119404,11.415000000000001
392.317654,11.463000000000001
392.515654,11.405
392.71345399999996,11.482000000000001
392.91155399999997,11.385
393.109604,11.359
393.307704,11.337
393.505704,11.172
393.704054,11.202
393.90160399999996,11.258000000000001
394.099604,11.275
394.297804,11.154
394.495704,11.56
394.69370399999997,11.642
394.891604,11.568
395.09025399999996,11.636000000000001
395.287854,11.75
395.485704,11.752
395.683704,11.845
395.881604,11.949
396.079654,11.994
396.277854,12.128
396.47585399999997,12.24
396.673754,12.389000000000001
396.872554,12.504
397.069904,12.678
397.267904,12.828
397.46590399999997,12.907
397.663754,12.728
397.861904,12.723
398.05990399999996,12.805
398.258554,12.669
398.455904,12.637
398.653954,12.521
398.851954,12.444
399.04995399999996,12.522
399.247904,12.325000000000001
399.445904,12.336
399.841204,12.478
400.039204,12.502
400.23745399999996,12.501
400.435204,12.316
400.633204,12.382
400.83140399999996,12.457
401.029204,12.384
401.22745399999997,12.297
401.425254,12.142
401.623254,12.271
401.82125399999995,12.356
402.019454,12.347
402.217454,12.458
402.41545399999995,12.475
402.613254,12.637
402.81125399999996,12.738
403.009504,12.749
403.207504,12.905000000000001
403.405504,12.999
403.603254,13.144
403.801254,13.157
403.999504,13.348
404.197654,13.507
404.39550399999996,13.692
404.593554,13.781
404.79130399999997,13.784
404.989554,13.687000000000001
405.187704,13.661
405.38555399999996,13.641
405.583554,13.673
405.78155399999997,13.688
405.979554,13.661
406.177704,13.634
406.375704,13.603
406.573604,13.666
406.771754,13.71
406.96955399999996,13.858
407.16770399999996,13.924
407.365704,14.001
407.563604,14.123000000000001
407.761604,14.239
407.959754,14.351
408.15775399999995,14.444
408.355754,14.475
408.55375399999997,14.548
408.751604,14.546000000000001
408.949754,14.56
409.14775399999996,14.409
409.345754,14.374
409.54380399999997,14.4
409.741904,14.417
409.939804,14.452
410.13805399999995,14.469
410.335804,14.446
410.533804,14.504
410.73245399999996,14.341000000000001
410.929804,14.364
411.12805399999996,14.309000000000001
411.325804,14.309000000000001
411.523854,14.242
411.721854,14.3
411.920004,14.253
412.118704,14.223
412.316054,14.191
412.513854,14.227
412.712004,14.095
412.91000399999996,14.047
413.10810399999997,14.016
413.306104,13.988
413.504104,13.997
413.70185399999997,14.068
413.900654,14.141
414.098254,14.204
414.29610399999996,14.063
414.494104,14.136000000000001
414.692004,14.078000000000001
414.89005399999996,14.058
415.088254,13.939
415.286904,13.895
415.484154,13.855
415.682304,13.83
415.880054,13.858
416.078304,13.844
416.276304,13.899000000000001
416.474154,13.834
416.672304,13.81
416.87010399999997,13.811
417.06830399999996,13.872
417.266304,13.9
417.46430399999997,13.97
417.662154,13.999
417.860304,13.863
418.05830399999996,13.717
418.256304,13.603
418.455004,13.466000000000001
418.652354,13.236
418.850354,13.097
419.04835399999996,13.027000000000001
419.246354,12.97
419.641604,12.903
419.839654,12.801
420.037654,12.766
420.23565399999995,12.716000000000001
420.433604,12.607000000000001
420.631604,12.516
420.829654,12.523
421.027654,12.443
421.22585399999997,12.351
421.423654,12.32
421.621654,12.254
421.819904,12.188
422.017654,12.156
422.21590399999997,12.06
422.413654,11.944
422.611654,11.871
422.80990399999996,11.83
423.007904,11.724
423.205904,11.659
423.403954,11.632
423.601704,11.532
423.79995399999996,11.516
423.997904,11.458
424.195904,11.432
424.393954,11.3
424.591704,11.247
424.78995399999997,11.186
424.987954,11.094
425.186104,10.977
425.38395399999996,10.93
425.581954,10.94
425.779954,10.96
425.97795399999995,11.025
426.17610399999995,11.0
426.37400399999996,11.071
426.572004,11.011000000000001
426.770154,11.002
426.968004,10.924
427.166154,10.852
427.364154,10.927
427.562004,10.786
427.760804,10.68
427.95800399999996,10.706
428.15615399999996,10.868
428.354204,10.924
428.552054,10.896
428.750204,10.929
428.948204,11.09
429.146804,11.17
429.344204,11.238
429.54220399999997,11.265
429.740204,11.370000000000001
429.938204,11.507
430.136254,11.589
430.334254,11.553
430.53225399999997,11.624
430.73040399999996,11.736
430.928854,11.791
431.12645399999997,11.898
431.324254,11.988
431.522254,12.154
431.720404,12.174
431.918254,12.32
432.11650399999996,12.466000000000001
432.31490399999996,12.604000000000001
432.512404,12.633000000000001
432.710404,12.694
432.90840399999996,12.843
433.106504,13.059000000000001
433.304504,13.013
433.502304,13.176
433.700454,13.223
433.89845399999996,13.209
434.09655399999997,13.259
434.294554,13.298
434.492504,13.151
434.690454,13.065
434.888654,13.040000000000001
435.086704,12.994
435.28455399999996,13.024000000000001
435.48335399999996,13.097
435.680504,13.067
435.87850399999996,13.402000000000001
436.076704,13.393
436.27455399999997,13.517
436.472554,13.589
436.670704,13.762
436.868504,13.858
437.066754,13.837
437.264754,14.058
437.462604,14.056000000000001
437.660754,14.096
437.858754,13.971
438.05675399999996,14.08
438.254754,14.095
438.452904,14.009
438.65140399999996,13.947000000000001
438.848754,13.908
439.24400399999996,13.763
439.64005399999996,13.638
439.838054,13.73
440.036054,13.591000000000001
440.23405399999996,13.386000000000001
440.432054,13.428
440.630054,13.405000000000001
440.82805399999995,13.343
441.026304,13.219
441.22405399999997,13.395
441.422054,13.332
441.620304,13.297
441.818104,13.253
442.016304,13.247
442.21430399999997,13.428
442.412104,13.247
442.610304,13.23
442.80830399999996,13.286
443.006104,13.409
443.20435399999997,13.568
443.402154,13.794
443.600154,13.843
443.79835399999996,14.048
443.99650399999996,14.154
444.194354,14.294
444.39235399999995,14.427
444.590354,14.545
444.78835399999997,14.551
444.986354,14.646
445.184404,14.705
445.382404,14.705
445.580154,14.596
445.77840399999997,14.607000000000001
445.976404,14.634
446.174554,14.596
446.37240399999996,14.59
446.57055399999996,14.439
446.768404,14.459
446.96660399999996,14.49
447.164604,14.528
447.36245399999996,14.609
447.56060399999996,14.713000000000001
447.758404,14.794
447.95660399999997,14.612
448.154604,14.507
448.352604,14.486
448.550454,14.308
448.748604,14.331
448.94645399999996,14.041
449.14525399999997,14.189
449.342604,14.005
449.540604,13.962
449.73860399999995,13.966000000000001
449.936854,13.947000000000001
450.13465399999995,13.848
450.332654,13.772
450.530804,13.668000000000001
450.728654,13.638
450.927304,13.540000000000001
451.12465399999996,13.545
451.322654,13.436
451.520804,13.378
451.718804,13.281
451.916904,13.23
452.11490399999997,13.116
452.31330399999996,13.003
452.510854,12.972
452.708854,12.941
452.906904,12.94
453.104904,12.816
453.302704,12.799
453.500854,12.735
453.698854,12.651
453.89710399999996,12.525
454.094954,12.450000000000001
454.29295399999995,12.533
454.490904,12.469
454.688854,12.344
454.88710399999997,12.325000000000001
455.084954,12.412
455.28295399999996,12.482000000000001
455.48175399999997,12.48
455.678904,12.562
455.87715399999996,12.539
456.075154,12.568
456.27300399999996,12.628
456.47115399999996,12.588000000000001
456.668904,12.668000000000001
456.86715399999997,12.703
457.065154,12.805
457.26300399999997,12.844
457.46115399999996,12.835
457.659154,12.978
457.85720399999997,13.129
458.055204,13.069
458.253154,13.062
458.451154,13.102
458.64980399999996,13.131
458.847204,12.971
459.24245399999995,13.036
459.440454,13.059000000000001
459.63845399999997,13.146
459.836454,13.015
460.034454,13.279
460.232504,13.313
460.430504,13.376
460.62850399999996,13.529
460.826704,13.502
461.024504,13.620000000000001
461.22250399999996,13.728
461.420504,13.786
461.618704,13.85
461.816754,13.959
462.014754,14.083
462.21250399999997,14.25
462.410504,14.509
462.608754,14.476
462.80650399999996,14.497
463.004754,14.427
463.20275399999997,14.592
463.400754,14.596
463.598754,14.787
463.79695399999997,14.76
463.994804,15.003
464.19280399999997,15.205
464.390804,15.296000000000001
464.588804,15.445
464.786754,15.731
464.984804,15.732000000000001
465.182804,15.753
465.380954,15.702
465.578804,15.662
465.77680399999997,15.773
465.97500399999996,15.8
466.172804,15.953000000000001
466.37080399999996,16.17
466.568804,16.318
466.767004,16.526
466.96500399999996,16.711000000000002
467.163004,16.808
467.361004,16.825
467.55900399999996,16.763
467.757004,16.776
467.955654,16.733
468.15300399999995,16.693
468.35085399999997,16.632
468.54900399999997,16.644000000000002
468.746854,16.604
468.94505399999997,16.548000000000002
469.143054,16.427
469.341654,16.279
469.53905399999996,16.274
469.73725399999995,16.198
469.935054,16.197
470.13305399999996,15.969000000000001
470.33120399999996,15.957
470.529054,15.904
470.727104,15.860000000000001
470.925304,15.792
471.12310399999996,15.8
471.321104,15.641
471.519254,15.631
471.71730399999996,15.538
471.915304,15.438
472.11310399999996,15.367
472.311104,15.264000000000001
472.509904,15.207
472.707504,15.173
472.905354,15.005
473.10335399999997,14.959
473.301254,14.89
473.49925399999995,14.867
473.697254,14.944
473.895354,15.032
474.093354,15.024000000000001
474.291154,14.999
474.489304,14.987
474.687304,15.004
474.88555399999996,15.063
475.083354,15.14
475.28140399999995,15.181000000000001
475.47930399999996,15.312000000000001
475.678204,15.47
475.87555399999997,15.472
476.073404,15.607000000000001
476.271554,15.731
476.46935399999995,15.763
476.667354,15.724
476.865554,15.778
477.06420399999996,15.753
477.261554,15.700000000000001
477.45955399999997,15.696
477.657604,15.593
477.85560399999997,15.543000000000001
478.05360399999995,15.473
478.251604,15.361
478.44960399999997,15.412
478.64775399999996,15.3
479.04290399999996,15.156
479.240904,15.143
479.438854,15.047
479.63685399999997,15.017
479.83485399999995,14.925
480.032904,14.776
480.23090399999995,14.738
480.429104,14.706
480.62690399999997,14.599
480.825154,14.527000000000001
481.022904,14.475
481.22090399999996,14.389000000000001
481.419154,14.295
481.616904,14.302
481.81515399999995,14.149000000000001
482.012954,14.096
482.21095399999996,14.109
482.409154,13.994
482.607154,13.847
482.805204,13.8
483.003154,13.795
483.20095399999997,13.723
483.39915399999995,13.683
483.597154,13.661
483.79520399999996,13.492
483.993204,13.569
484.19120399999997,13.501
484.38920399999995,13.289
484.587204,13.258000000000001
484.785354,13.289
484.983204,13.301
485.181204,13.292
485.37920399999996,13.312000000000001
485.577204,13.242
485.775404,13.319
485.973254,13.207
486.171254,13.296000000000001
486.370054,13.354000000000001
486.567254,13.415000000000001
486.765404,13.396
486.96340399999997,13.363
487.161254,13.318
487.359404,13.348
487.557254,13.351
487.755454,13.248000000000001
487.95345399999997,13.215
488.15160399999996,13.115
488.349454,13.069
488.54745399999996,13.134
488.745454,13.112
488.943454,13.119
489.141604,13.083
489.339454,13.064
489.538104,13.053
489.735454,13.034
489.933454,12.98
490.131604,13.038
490.32960399999996,13.172
490.52750399999996,13.235
490.72570399999995,13.148
490.923504,13.298
491.12150399999996,13.493
491.31965399999996,13.677
491.517504,13.701
491.715754,13.769
491.913754,13.851
492.111654,14.002
492.30965399999997,14.177
492.507654,14.419
492.70640399999996,14.571
492.903804,14.732000000000001
493.101704,14.645
493.29970399999996,14.705
493.497704,14.775
493.69575399999997,14.755
493.893804,14.568
494.09255399999995,14.576
494.289704,14.574
494.487954,14.51
494.685954,14.432
494.883804,14.348
495.081954,14.385
495.279704,14.262
495.47795399999995,14.187000000000001
495.675954,14.155000000000001
495.874604,14.296000000000001
496.071954,14.08
496.270004,14.067
496.46800399999995,14.073
496.666004,13.824
496.86400399999997,13.700000000000001
497.062004,13.89
497.260654,13.764000000000001
497.45775399999997,13.737
497.656004,13.656
497.854004,13.691
498.052154,13.65
498.250054,13.551
498.448204,13.608
498.843304,13.561
499.23950399999995,13.540000000000001
499.437304,13.56
499.63530399999996,13.446
499.833304,13.443
500.031304,13.514000000000001
500.22950399999996,13.412
500.427304,13.226
500.62530399999997,13.198
500.823354,13.249
501.021354,13.274000000000001
501.21935399999995,13.005
501.417554,13.043000000000001
501.615554,13.013
501.81355399999995,12.969
502.011354,13.006
502.20955399999997,12.912
502.407554,12.878
502.605354,12.798
502.80360399999995,12.738
503.001354,12.874
503.19960399999997,12.66
503.397604,12.565
503.595604,12.629
503.79360399999996,12.756
503.991604,12.59
504.189604,12.508000000000001
504.38760399999995,12.58
504.585804,12.483
504.78365399999996,12.47
504.981654,12.548
505.17965399999997,12.594
505.37760399999996,12.801
505.575654,12.899000000000001
505.773804,13.006
505.971654,13.036
506.169854,13.068
506.36765399999996,13.162
506.565654,13.272
506.763804,13.238
506.96165399999995,13.263
507.159854,13.424
507.357854,13.463000000000001
507.55585399999995,13.61
507.753854,13.462
507.95185399999997,13.602
508.149854,13.577
508.347854,13.530000000000001
508.545704,13.505
508.743854,13.609
508.941854,13.577
509.140004,13.603
509.337904,13.696
509.536754,13.6
509.73385399999995,13.548
509.931904,13.548
510.130054,13.558
510.327904,13.379
510.526104,13.393
510.723904,13.341000000000001
510.921904,13.235
511.120054,13.263
511.31805399999996,13.24
511.51595399999997,13.114
511.71415399999995,13.035
511.911954,12.997
512.110104,12.964
512.308054,12.799
512.5061539999999,12.808
512.704854,12.768
512.9019539999999,12.784
513.100104,12.672
513.298104,12.596
513.496354,12.541
513.694204,12.492
513.892204,12.443
514.090754,12.378
514.288104,12.306000000000001
514.486354,12.253
514.684254,12.167
514.882254,12.161
515.0804039999999,12.105
515.278154,12.022
515.476404,11.958
515.674404,11.935
515.872904,11.823
516.0704039999999,11.869
516.268154,11.784
516.466404,11.741
516.664404,11.714
516.862404,11.693
517.060404,11.583
517.259054,11.431000000000001
517.456404,11.450000000000001
517.654404,11.449
517.852404,11.377
518.050454,11.317
518.2484539999999,11.232000000000001
518.643704,11.195
518.8417039999999,11.131
519.039704,11.005
519.237704,10.941
519.435754,10.961
519.633754,10.889
519.8317539999999,10.773
520.0297039999999,10.625
520.227704,10.572000000000001
520.425754,10.47
520.623954,10.425
520.8217539999999,10.388
521.0197539999999,10.346
521.217954,10.33
521.4160039999999,10.290000000000001
521.614004,10.151
521.811754,10.17
522.010004,10.085
522.208004,10.042
522.405804,9.918000000000001
522.604004,9.904
522.802004,9.805
522.9998039999999,9.834
523.198004,9.743
523.3960539999999,9.716000000000001
523.5940039999999,9.599
523.792004,9.559000000000001
523.9898039999999,9.544
524.188004,9.467
524.386054,9.439
524.584204,9.35
524.782054,9.309000000000001
524.980054,9.165000000000001
525.178054,9.098
525.376054,8.957
525.574204,8.862
525.772054,8.870000000000001
525.970254,8.769
526.168054,8.642
526.366254,8.567
526.564904,8.626
526.762254,8.463000000000001
526.960254,8.436
527.1582539999999,8.301
527.3562539999999,8.051
527.554254,7.937
527.752254,7.67
527.950304,7.263
528.1483039999999,6.893
528.346154,6.635
528.544304,6.389
528.742304,6.094
528.940304,5.876
529.138304,5.642
529.336504,5.397
529.534304,5.176
529.732954,4.949
529.930354,4.535
530.128354,4.213
530.326554,3.838
530.524554,3.4530000000000003
530.722304,3.203
530.920454,2.967
531.119104,2.708
531.3163539999999,2.641
531.514604,2.366
531.712354,2.306
531.910504,2.1270000000000002
532.1085039999999,1.949
532.306504,1.796
532.504604,1.55
532.702504,1.408
532.901154,1.413
533.0985039999999,1.16
533.296754,1.081
533.494654,0.9450000000000001
533.692654,0.578
533.890804,0.41300000000000003
534.0885539999999,0.558
534.287204,0.431
534.484754,0.299
534.682654,0.244
534.880804,0.116
535.0785539999999,0.077
535.276604,0.039
535.474804,0.067
535.672654,0.024
535.870654,0.047
536.068804,0.036000000000000004
536.266804,0.022
536.464804,0.007
536.6628039999999,0.01
536.860854,0.019
537.058854,0.024
537.2566039999999,0.045
537.455454,0.083
537.6528539999999,0.032
537.850854,0.004
538.246104,0.014
538.642104,0.022
538.840104,0.022
539.038104,0.047
539.2361539999999,0.007
539.4341539999999,0.075
539.632154,0.04
539.830154,0.025
540.0283539999999,0.033
540.226154,0.03
540.424404,0.006
540.622154,0.085
540.820154,0.022
541.0183539999999,0.037
541.216204,0.013000000000000001
541.414404,0.066
541.612404,0.037
541.810204,0.023
542.0084039999999,0.047
542.206404,0.022
542.404404,0.02
542.602404,0.036000000000000004
542.800204,0.043000000000000003
542.9984039999999,0.011
543.196454,0.061
543.394454,0.045
543.592454,0.03
543.790454,0.047
543.9884539999999,0.061
544.186454,0.031
544.384604,0.068
544.582454,0.053
544.780504,0.036000000000000004
544.9784539999999,0.041
545.176504,0.017
545.374654,0.021
545.5726539999999,0.046
545.770504,0.067
545.968654,0.053
546.166504,0.03
546.364654,0.032
546.563304,0.076
546.760554,0.015
546.958704,0.007
547.1565039999999,0.011
547.354704,0.028
547.552654,0.021
547.7507039999999,0.013000000000000001
547.948704,0.035
548.146704,0.028
548.344704,0.009000000000000001
548.542704,0.026000000000000002
548.7407039999999,0.051000000000000004
548.938704,0.031
549.136704,0.008
549.3349539999999,0.051000000000000004
549.532704,0.015
549.731354,0.042
549.928854,0.033
550.126754,0.019
550.3250039999999,0.015
550.522754,0.059000000000000004
550.7207539999999,0.007
550.918904,0.034
551.1175539999999,0.031
551.3150039999999,0.041
551.513004,0.066
551.7108039999999,0.07200000000000001
551.908904,0.038
552.106954,0.035
552.3050039999999,0.012
552.5030039999999,0.005
552.700804,0.039
552.899554,0.056
553.0971539999999,0.008
553.295154,0.042
553.493054,0.01
553.691054,0.024
553.888954,0.039
554.087004,0.10400000000000001
554.285854,0.025
554.4830539999999,0.002
554.681054,0.042
554.878954,0.026000000000000002
555.0772039999999,0.02
555.275204,0.006
555.473204,0.026000000000000002
555.671104,0.058
555.869254,0.038
556.0672539999999,0.027
556.265254,0.031
556.463254,0.001
556.661254,0.036000000000000004
556.859254,0.069
557.057404,0.03
557.2552539999999,0.078
557.453904,0.074
557.651304,0.027
557.849254,0.036000000000000004
558.244554,0.038
558.442554,0.019
558.640554,0.007
558.8385539999999,0.024
559.036554,0.029
559.234754,0.014
559.432554,0.048
559.630554,0.011
559.828754,0.033
560.026604,0.029
560.224804,0.029
560.422604,0.016
560.620554,0.029
560.818554,0.041
561.016804,0.08700000000000001
561.214804,0.255
561.4128039999999,0.332
561.610604,0.6900000000000001
561.808604,0.672
562.006854,0.8140000000000001
562.204854,0.833
562.4028539999999,0.676
562.600604,0.795
562.798854,0.7000000000000001
562.996854,0.611
563.1950039999999,0.514
563.3928539999999,0.541
563.590904,0.599
563.788854,0.241
563.986904,0.341
564.1850539999999,0.543
564.382854,0.532
564.5809039999999,0.724
564.778904,1.051
564.976904,1.3880000000000001
565.1750539999999,1.819
565.373054,2.207
565.5709039999999,3.1430000000000002
565.769054,3.295
565.966904,3.713
566.1650539999999,3.967
566.3630539999999,4.206
566.5609539999999,4.206
566.7597539999999,4.216
566.957104,4.213
567.1551039999999,4.2700000000000005
567.353104,4.362
567.551104,4.46
567.748954,4.692
567.947104,5.101
568.145754,5.433
568.3431039999999,5.748
568.541154,6.198
568.739254,6.602
568.937154,7.0680000000000005
569.135404,7.36
569.3331539999999,7.8
569.531154,7.97
569.729154,8.003
569.9278039999999,7.989
570.125404,7.912
570.3231539999999,7.963
570.521204,7.897
570.719304,8.009
570.9173539999999,8.255
571.115404,8.354000000000001
571.3140539999999,8.538
571.511204,8.833
571.709304,9.049
571.9073539999999,9.23
572.105454,9.367
572.303454,9.537
572.501454,9.6
572.699354,9.594
572.897354,9.696
573.095604,9.635
573.293454,9.59
573.491454,9.548
573.689254,9.473
573.887404,9.507
574.085604,9.464
574.283654,9.425
574.4821039999999,9.501
574.679654,9.561
574.877404,9.703
575.075604,9.785
575.273604,9.822000000000001
575.471504,9.996
575.6696539999999,10.061
575.867454,10.157
576.065654,10.201
576.263654,10.278
576.461654,10.224
576.6596539999999,10.225
576.857654,10.212
577.055654,10.117
577.253654,9.943
577.451704,9.808
577.650354,9.901
578.044954,10.031
578.2429539999999,10.126
578.4409539999999,10.23
578.638954,10.382
578.837004,10.282
579.034954,10.515
579.232954,10.629
579.4309539999999,10.787
579.628954,10.825000000000001
579.8272039999999,10.99
580.025004,11.012
580.223204,11.232000000000001
580.4210039999999,11.293000000000001
580.619004,11.403
580.8172539999999,11.666
581.015004,11.767
581.213254,11.744
581.4110039999999,11.719
581.609004,11.809000000000001
581.807254,11.795
582.005404,11.743
582.203254,11.369
582.401304,11.432
582.599054,11.654
582.797254,11.477
582.9952539999999,11.827
583.193254,11.749
583.391304,11.896
583.5890539999999,11.618
583.787304,11.573
583.9853039999999,11.648
584.183454,11.452
584.381304,11.412
584.579304,11.369
584.777304,11.192
584.975454,11.028
585.1741539999999,11.076
585.371354,10.913
585.569354,11.124
585.7675039999999,11.091000000000001
585.9653539999999,10.895
586.163504,10.919
586.361504,10.846
586.559354,10.832
586.7575039999999,10.935
586.9553539999999,10.874
587.153504,10.719
587.351554,10.743
587.549404,10.817
587.7475539999999,10.903
587.945754,10.709
588.143504,10.68
588.3422039999999,10.665000000000001
588.5396539999999,10.78
588.7375539999999,10.796
588.935554,10.838000000000001
589.133554,10.606
589.331554,10.638
589.529554,10.796
589.727704,10.774000000000001
589.9255539999999,10.759
590.123804,10.799
590.321604,10.765
590.519604,10.911
590.717754,10.8
590.915854,11.066
591.113854,10.99
591.311604,11.035
591.510404,11.138
591.707754,11.116
591.905754,11.204
592.103854,11.293000000000001
592.3018539999999,11.303
592.4997539999999,11.354000000000001
592.697804,11.468
592.895804,11.499
593.093854,11.404
593.291854,11.453
593.4898539999999,11.474
593.687804,11.517
593.886004,11.255
594.0840039999999,11.335
594.2819039999999,11.528
594.480054,11.714
594.678454,11.535
594.876054,11.447000000000001
595.0740539999999,11.593
595.272054,11.469
595.470054,11.67
595.668054,11.653
595.865854,11.573
596.064704,11.617
596.2620539999999,11.673
596.4599539999999,11.81
596.658104,11.725
596.856104,11.705
597.0541039999999,11.597
597.2521039999999,11.635
597.450254,11.711
597.8453539999999,11.652000000000001
598.043354,11.547
598.241354,11.53
598.439354,11.664
598.637404,11.63
598.8354039999999,11.622
599.033404,11.588000000000001
599.231404,11.462
599.429404,11.644
599.627604,11.576
599.8254039999999,11.714
600.023604,11.615
600.221404,11.624
600.419404,11.484
600.617654,11.444
600.8154539999999,11.28
601.013654,11.231
601.211654,11.235
601.409404,11.125
601.607454,11.057
601.805654,10.913
602.003654,10.76
602.201704,10.758000000000001
602.399454,10.615
602.597454,10.526
602.795704,10.393
602.9938539999999,10.319
603.191704,10.322000000000001
603.3897039999999,10.257
603.5877039999999,10.266
603.785704,9.936
603.983704,9.942
604.181754,9.916
604.3797539999999,9.677
604.577754,9.771
604.775754,9.601
604.973704,9.405
605.1719039999999,9.373
605.369754,9.372
605.567904,9.266
605.765754,9.254
605.963904,9.438
606.1619539999999,9.412
606.359754,9.493
606.557904,9.65
606.755904,9.64
606.953904,9.576
607.1519539999999,9.572000000000001
607.349954,9.583
607.547954,9.532
607.745954,9.449
607.943954,9.302
608.1419539999999,9.086
608.3399539999999,9.053
608.538604,9.017
608.735954,8.84
608.934204,8.955
609.1320039999999,8.729000000000001
609.3300039999999,8.364
609.528154,8.344
609.726004,8.439
609.9242039999999,8.233
610.122004,8.099
610.3200039999999,7.995
610.518154,7.784
610.716154,7.662
610.914254,7.756
611.112254,7.614
611.3100539999999,7.593
611.508204,7.337
611.7068039999999,7.174
611.9042539999999,7.131
612.102254,7.019
612.3000539999999,6.8
612.498204,6.788
612.696154,6.641
612.894404,6.533
613.092954,6.426
613.290304,6.243
613.488204,5.955
613.686204,5.839
613.884454,5.683
614.082304,5.392
614.280304,5.077
614.4784539999999,4.737
614.676254,4.372
614.875104,3.981
615.072504,3.4290000000000003
615.270304,3.057
615.4685039999999,2.658
615.666254,2.291
615.864454,2.077
616.062504,1.7750000000000001
616.2611539999999,1.407
616.458504,1.435
616.656654,1.2690000000000001
616.854504,0.999
617.052504,1.0110000000000001
617.250504,0.933
617.448504,0.776
617.843804,0.603
618.041804,0.274
618.2398039999999,0.292
618.437804,0.21
618.635804,0.149
618.833804,0.182
619.031804,0.16
619.229804,0.098
619.427854,0.101
619.625804,0.027
619.8240539999999,0.02
620.021804,0.081
620.219804,0.083
620.4178539999999,0.098
620.616054,0.036000000000000004
620.813854,0.012
621.012104,0.067
621.209854,0.039
621.4078539999999,0.025
621.606104,0.048
621.803854,0.024
622.0021039999999,0.359
622.200104,0.276
622.3979039999999,0.127
622.596104,0.012
622.794254,0.048
622.992154,0.136
623.190104,0.325
623.388104,0.121
623.586104,0.213
623.784104,0.14100000000000001
623.982304,0.17200000000000001
624.180154,0.14100000000000001
624.378154,0.183
624.576154,0.189
624.774154,0.148
624.972304,0.07100000000000001
625.170154,0.034
625.368304,0.055
625.566154,0.11
625.7643039999999,0.22
625.962354,0.073
626.160354,0.008
626.358354,0.01
626.5563539999999,0.076
626.7543539999999,0.041
626.952354,0.036000000000000004
627.150354,0.077
627.348354,0.044
627.546354,0.036000000000000004
627.7443539999999,0.031
627.942404,0.032
628.140404,0.042
628.338404,0.057
628.536404,0.02
628.7352539999999,0.032
628.932404,0.016
629.130404,0.058
629.3285539999999,0.053
629.526404,0.059000000000000004
629.724654,0.027
629.922654,0.018000000000000002
630.121054,0.019
630.318554,0.041
630.5165539999999,0.007
630.714654,0.029
630.912654,0.11
631.110454,0.038
631.308604,0.045
631.5066039999999,0.012
631.704804,0.047
631.9033039999999,0.051000000000000004
632.100704,0.016
632.2987039999999,0.015
632.4966039999999,0.015
632.694604,0.027
632.892704,0.022
633.090704,0.062
633.289304,0.027
633.4866539999999,0.005
633.684654,0.031
633.882854,0.034
634.080704,0.067
634.278854,0.015
634.4766539999999,0.059000000000000004
634.674854,0.078
634.872904,0.052000000000000005
635.070754,0.022
635.268904,0.041
635.466904,0.067
635.664904,0.046
635.862904,0.019
636.0609039999999,0.028
636.258754,0.004
636.4577039999999,0.055
636.654904,0.049
636.852954,0.013000000000000001
637.248204,0.069
637.644204,0.047
637.8422039999999,0.063
638.040204,0.038
638.238204,0.017
638.436204,0.041
638.634204,0.027
638.8322039999999,0.022
639.030204,0.011
639.228254,0.027
639.4264539999999,0.007
639.624254,0.015
639.822504,0.009000000000000001
640.020254,0.021
640.2185039999999,0.015
640.4164539999999,0.046
640.614254,0.006
640.812504,0.037
641.0102539999999,0.036000000000000004
641.208304,0.052000000000000005
641.4065039999999,0.054
641.604504,0.058
641.802504,0.031
642.000504,0.069
642.198504,0.10200000000000001
642.3965039999999,0.061
642.5945039999999,0.093
642.792554,0.042
642.990554,0.062
643.1887039999999,0.08600000000000001
643.3865539999999,0.322
643.584554,0.797
643.782704,1.385
643.980554,1.87
644.1787039999999,2.416
644.3765539999999,2.846
644.5745539999999,2.988
644.772754,3.206
644.9707539999999,3.535
645.168604,3.867
645.366754,3.88
645.5646039999999,3.791
645.762754,3.951
645.960754,4.07
646.1587539999999,4.249
646.356804,4.68
646.5546039999999,4.939
646.752804,5.274
646.950804,5.368
647.148954,5.445
647.3467539999999,5.375
647.545004,5.571
647.742804,5.631
647.940804,5.636
648.138954,5.814
648.3368039999999,6.119
648.534804,6.265000000000001
648.733654,6.446
648.930804,6.697
649.128954,6.886
649.326954,7.17
649.525054,7.316
649.7230539999999,7.481
649.920854,7.587
650.119654,7.779
650.317004,7.87
650.514854,8.127
650.7130539999999,8.257
650.9110539999999,8.247
651.109004,8.505
651.307004,8.479000000000001
651.5052039999999,8.599
651.7031039999999,8.547
651.901754,8.589
652.099054,8.617
652.297054,8.653
652.4952539999999,8.72
652.693254,8.747
652.8911039999999,8.695
653.089254,8.72
653.287704,8.831
653.485054,8.833
653.683304,9.005
653.8811539999999,8.973
654.079304,8.958
654.277054,9.079
654.4753039999999,8.697000000000001
654.6733039999999,9.048
654.871304,8.695
655.069304,8.773
655.267304,8.950000000000001
655.465104,8.754
655.663354,8.562
655.861354,8.514
656.059354,8.58
656.257304,8.615
656.455954,8.535
656.6533539999999,8.443
656.851354,8.479000000000001
657.2466039999999,8.311
657.642804,8.164
657.840604,8.306000000000001
658.038654,8.092
658.2366539999999,8.084
658.434654,7.9
658.632654,7.735
658.830654,7.724
659.028654,7.565
659.226854,7.437
659.4246539999999,7.314
659.622854,7.2010000000000005
659.820654,7.024
660.018704,6.92
660.216904,6.65
660.414904,6.675
660.612904,6.479
660.8109039999999,6.343
661.008654,6.138
661.206904,6.114
661.404904,5.54
661.602904,5.4830000000000005
661.8009539999999,5.248
661.998704,4.853
662.196954,4.202
662.394954,4.013
662.592954,3.576
662.7909539999999,2.811
662.9889539999999,2.848
663.186954,2.435
663.384954,2.211
663.5831539999999,2.081
663.7810039999999,1.985
663.9789539999999,1.408
664.177104,1.182
664.374954,0.91
664.5731539999999,0.379
664.771154,0.47800000000000004
664.9690039999999,0.509
665.167154,0.423
665.365004,0.127
665.563004,0.028
665.7611539999999,0.019
665.959154,0.089
666.157154,0.022
666.355154,0.031
666.5532039999999,0.018000000000000002
666.7512039999999,0.027
666.949204,0.054
667.147204,0.047
667.345204,0.014
667.543204,0.03
667.7412039999999,0.07
667.939204,0.009000000000000001
668.137354,0.038
668.335204,0.014
668.533454,0.052000000000000005
668.731854,0.075
668.929254,0.036000000000000004
669.127404,0.013000000000000001
669.325254,0.044
669.523454,0.008
669.7212539999999,0.035
669.919254,0.107
670.1180539999999,0.034
670.315404,0.082
670.513504,0.07
670.711504,0.079
670.9092539999999,0.091
671.107504,0.295
671.305404,0.323
671.503504,0.511
671.701504,0.765
671.9001539999999,0.7020000000000001
672.097454,0.937
672.295454,0.848
672.493704,0.791
672.691554,1.036
672.889554,1.0070000000000001
673.087454,1.25
673.286104,0.991
673.483704,0.984
673.681704,0.9590000000000001
673.879554,1.1320000000000001
674.0777039999999,1.23
674.275504,1.243
674.473704,0.8300000000000001
674.671704,0.622
674.869504,1.031
675.0677039999999,1.1420000000000001
675.265504,1.027
675.463754,1.034
675.661754,1.305
675.859754,1.342
676.0577539999999,1.355
676.255754,1.213
676.454404,1.301
676.651754,1.369
677.047254,1.377
677.245054,1.5230000000000001
677.443004,1.5310000000000001
677.641004,1.178
677.8390039999999,0.734
678.037254,0.782
678.235054,0.537
678.4332539999999,0.39
678.631054,0.485
678.8290539999999,0.645
679.027054,0.757
679.225054,0.465
679.423054,0.679
679.621304,0.5640000000000001
679.8190539999999,0.803
680.017104,0.54
680.215304,0.524
680.4133039999999,0.91
680.611354,0.5680000000000001
680.8091039999999,0.8160000000000001
681.007304,0.585
681.205304,0.561
681.403504,0.503
681.601354,0.47100000000000003
681.799354,0.447
681.997154,0.307
682.195354,0.111
682.3933539999999,0.182
682.591354,0.20400000000000001
682.789354,0.445
682.9871539999999,0.489
683.185354,0.453
683.383554,0.194
683.581554,0.41500000000000004
683.779404,0.544
683.9775539999999,0.588
684.175404,0.34900000000000003
684.3734039999999,0.501
684.571554,0.35100000000000003
684.769404,0.278
684.967404,0.584
685.1655539999999,0.72
685.363404,0.562
685.561604,0.674
685.7602039999999,0.644
685.957454,0.437
686.1556039999999,0.338
686.353604,0.372
686.551604,0.704
686.749604,0.587
686.9477539999999,0.794
687.146254,0.62
687.3436039999999,0.37
687.541654,0.232
687.739604,0.05
687.9377539999999,0.169
688.135604,0.122
688.333854,0.188
688.531654,0.38
688.729654,0.763
688.928304,0.998
689.125804,0.9540000000000001
689.323904,1.157
689.521904,1.051
689.719654,1.1
689.9178039999999,0.636
690.115804,0.485
690.314304,0.312
690.511904,0.502
690.709704,0.661
690.907704,0.419
691.105854,0.278
691.303854,0.496
691.501904,0.336
691.699904,0.306
691.897704,0.337
692.0958539999999,0.424
692.294054,0.439
692.491954,0.581
692.689954,0.606
692.888104,0.41500000000000004
693.0859039999999,0.242
693.283854,0.157
693.482754,0.367
693.679954,0.28400000000000003
693.878104,0.439
694.0759039999999,0.5
694.274104,0.396
694.4721539999999,0.386
694.670154,0.33
694.868154,0.295
695.066154,0.429
695.264154,0.631
695.4621539999999,0.399
695.6601539999999,0.222
695.858154,0.396
696.056154,0.317
696.254154,0.257
696.4522039999999,0.258
696.650804,0.28800000000000003
697.045454,0.45
697.2434539999999,0.361
697.441454,0.44
697.639454,0.424
697.837454,0.40800000000000003
698.035454,0.191
698.2334539999999,0.07100000000000001
698.431704,0.176
698.629454,0.105
698.827504,0.081
699.025704,0.069
699.2235039999999,0.058
699.4215039999999,0.091
699.619504,0.10400000000000001
699.817504,0.048
700.0157039999999,0.019
700.213504,0.08
700.411754,0.062
700.609754,0.066
700.807554,0.092
701.005754,0.093
701.203754,0.083
701.401754,0.032
701.599754,0.075
701.797554,0.07100000000000001
701.9957539999999,0.064
702.193754,0.082
702.3919539999999,0.07100000000000001
702.589804,0.052000000000000005
702.7878039999999,0.049
702.9858039999999,0.053
703.183804,0.003
703.381954,0.046
703.579804,0.21
703.777804,0.042
703.9758039999999,0.123
704.173804,0.078
704.372004,0.047
704.5700039999999,0.148
704.767804,0.099
704.965954,0.076
705.163954,0.036000000000000004
705.362004,0.127
705.5600039999999,0.049
705.757854,0.12
705.956654,0.106
706.154004,0.049
706.352004,0.021
706.550004,0.066
706.7480039999999,0.063
706.946004,0.02
707.144004,0.068
707.3427039999999,0.092
707.5400539999999,0.15
707.7380539999999,0.1
707.936204,0.056
708.1343039999999,0.084
708.332304,0.202
708.530054,0.1
708.7280539999999,0.09
708.926204,0.066
709.1243039999999,0.022
709.3223039999999,0.043000000000000003
709.520104,0.114
709.718254,0.155
709.916254,0.031
710.114454,0.069
710.3123039999999,0.032
710.510954,0.1
710.7081039999999,0.139
710.906254,0.114
711.1044539999999,0.058
711.3023539999999,0.049
711.500354,0.151
711.698104,0.124
711.896254,0.03
712.0945039999999,0.073
712.292504,0.059000000000000004
712.4903539999999,0.034
712.688504,0.054
712.886304,0.031
713.084304,0.013000000000000001
713.282554,0.017
713.480404,0.049
713.679004,0.031
713.8765539999999,0.042
714.0745039999999,0.037
